index,country_code,country_long,name_of_powerplant,latitude,longitude,primary_fuel,start date,owner of plant,capacity_in_MW,estimated_generation_gwh_2021
9895,DNK,Denmark,Aalborg,57.2544,9.9886,Solar,,,16.6,24.37
9896,DNK,Denmark,Amager,55.6899,12.633,Geothermal,,Ørsted,14.0,63.19490536160276
9897,DNK,Denmark,Amager power station,55.6859,12.6277,Coal,1982.0,HOFOR A/S,330.0,1203.7126828140476
9898,DNK,Denmark,Anholt,56.603,11.209,Wind,2013.0,50% Ørsted,399.6,1454.9153325314214
9899,DNK,Denmark,Asnæs power station,55.6615,11.0809,Coal,1975.0,Ørsted,787.0,2853.132379952551
9900,DNK,Denmark,Avedoereværket,55.6035,12.4812,Coal,,Ørsted,815.0,2954.190917195173
9901,DNK,Denmark,Avedore Holme,55.6022,12.4611,Wind,2009.0,Ørsted,11.0,31.46
9902,DNK,Denmark,Bodilsker,55.055,15.075,Solar,,,10.0,15.04
9903,DNK,Denmark,Bornholm,55.155,14.87,Solar,,,10.0,14.84
9904,DNK,Denmark,Dræby Fed,55.4503,10.5215,Wind,2010.0,100% Vattenfall,9.2,31.14
9905,DNK,Denmark,Enstedværket,55.0206,9.4419,Coal,1979.0,Ørsted,626.0,2272.045790807477
9906,DNK,Denmark,Esbjerg power station,55.4552,8.4544,Coal,1992.0,Ørsted,407.0,1481.623660231257
9907,DNK,Denmark,Falster,54.825,11.975,Solar,,,10.0,14.88
9908,DNK,Denmark,Frederikshavn,57.4438,10.5621,Wind,2003.0,Ørsted,8.0,14.33
9909,DNK,Denmark,Fyns power station,55.4292,10.4104,Coal,1984.0,Fjernvarme Fyn,362.0,1319.208153948472
9910,DNK,Denmark,H.C. Ørsted,55.6761,12.5683,Gas,,,98.0,366.3705170894678
9911,DNK,Denmark,Hagesholm,55.7606,11.5615,Wind,,100% Vattenfall,23.0,95.67800661815973
9912,DNK,Denmark,Herning CHP,56.1214,9.0068,Biomass,2009.0,,88.0,330.27818235996006
9913,DNK,Denmark,Hjørring,57.557,9.946,Solar,,,10.0,14.45
9914,DNK,Denmark,Holbæk,55.76,11.72,Solar,,,10.0,14.53
9915,DNK,Denmark,Hollandsbjerg,56.4845,10.2489,Wind,2002.0,100% Vattenfall,16.5,37.89
9916,DNK,Denmark,Horns Rev A,55.5297,7.9062,Wind,2002.0,60% Vattenfall,160.0,592.73
9917,DNK,Denmark,Horns Rev B,55.6,7.5825,Wind,2010.0,,209.3,839.8
9918,DNK,Denmark,Klim Fjordholme,57.0599,9.1563,Wind,1996.0,95% Vattenfall,67.2,172.68
9919,DNK,Denmark,Kyndbyværket,55.8134,11.8792,Oil,,,664.0,2409.196662779606
9920,DNK,Denmark,Langelinje,54.72,11.289,Solar,,,10.0,14.95
9921,DNK,Denmark,Lerchenborg,55.6493,11.0705,Solar,2016.0,Wirsol Solar AG,61.0,232.82887859028915
9922,DNK,Denmark,Læsø,57.295,11.015,Solar,,,10.0,14.81
9923,DNK,Denmark,Middelgrunden,55.6908,12.6703,Wind,2000.0,Ørsted,20.0,46.58
9924,DNK,Denmark,Nees 1-4,56.387,8.219,Solar,,,51.0,72.43
9925,DNK,Denmark,Nordjylland power station,57.0736,10.0416,Coal,1989.0,Aalborg Forsyning,716.0,2596.876803373046
9926,DNK,Denmark,Nørre Økse Sø,57.1252,9.5452,Wind,,100% Vattenfall,17.3,75.1053758223403
9927,DNK,Denmark,Randers,56.4584,10.0475,Coal,,,52.0,200.34577733373217
9928,DNK,Denmark,Rejsby Hede,55.0373,8.6666,Wind,1995.0,100% Vattenfall,23.4,64.7
9929,DNK,Denmark,Roedsand 1,54.54,11.715,Wind,2003.0,,165.6,510.25
9930,DNK,Denmark,Roedsand 2,54.5228,11.5447,Wind,2010.0,,207.0,804.88
9931,DNK,Denmark,Ronland 1,56.663,8.2202,Wind,2003.0,Dansk Vindenergi ApS,17.0,50.21
9932,DNK,Denmark,Samso,55.72,10.5801,Wind,2003.0,Vindenergi Aps,23.0,64.4
9933,DNK,Denmark,Skærbækværket,55.513,9.6128,Gas,1997.0,,392.0,1427.4851581369953
9934,DNK,Denmark,Sonderjylland,55.0344,9.8195,Solar,2013.0,Danfoss Group,2.1,20.24502703348854
9935,DNK,Denmark,Sprogo,55.3436,10.9603,Wind,2009.0,Great Belt Link,21.0,75.61
9936,DNK,Denmark,Stigsnæsværket,55.2079,11.2528,Coal,1970.0,,264.0,965.5032735992963
9937,DNK,Denmark,Studstrupværket,56.2521,10.3423,Coal,,Ørsted,730.0,2647.4060719943573
9938,DNK,Denmark,Svanemølle,55.7131,12.588,Gas,1985.0,,81.0,305.01354804930463
9939,DNK,Denmark,Tuno Knob,55.9694,10.3556,Wind,1995.0,Ørsted,5.0,8.67
9940,DNK,Denmark,Vandel,55.7,9.195,Solar,,,50.4,69.59
9941,DNK,Denmark,Vindeby,54.97,11.1301,Wind,,Ørsted,5.0,30.711804105045786
10105,FIN,Finland,Ahvenkoski,60.5,26.5,Hydro,,Oy Mankala Ab,24.0,102.52
10106,FIN,Finland,Aittokoski,63.7833,25.9667,Hydro,,Fortum Power & Heat   Generation,44.8,166.06
10107,FIN,Finland,Alakoski,62.55,29.25,Hydro,,Alakoski Oy,4.6,22.1
10108,FIN,Finland,Askala,60.4567,22.6869,Hydro,,Koskienergia Koskivoima Oy,1.3,3.93
10109,FIN,Finland,Atro,62.8924,27.677,Hydro,,Savon Voima Oyj,6.5,37.48
10110,FIN,Finland,Finlayson ve,61.4991,23.7871,Hydro,,Tampereen Sähkölaitos,4.19,13.2
10111,FIN,Finland,Forssa kt,60.7905,23.5866,Oil,,Fingrid Oyj,332.6,1213.0966898437196
10112,FIN,Finland,Haapakoski,65.3333,25.2833,Hydro,,PVO Vesivoima Oy,32.5,129.96572461119206
10113,FIN,Finland,Haapaniemi,62.8924,27.677,Biomass,,Kuopion Energia Oy,118.1,438.91610989577833
10114,FIN,Finland,Haapavesi,64.1333,25.3667,Biomass,,Kanteleen Voima Oy,154.0,568.4875915747111
10115,FIN,Finland,Haapavesi,64.1333,25.3667,Gas,,Vapo Oy,2.7,22.410567117259006
10116,FIN,Finland,Hamari,65.7,25.1667,Hydro,,Korpelan Voima kuntayhtymÃ¤,2.5,12.58
10117,FIN,Finland,Hanasaari B,60.1841,24.9711,Coal,,Helsingin Energia,212.0,777.8231330058561
10118,FIN,Finland,Hanhikoski,63.3667,23.4833,Hydro,,Vattenfall Sähköntuotanto oy,1.5,7.07
10119,FIN,Finland,Harjavalta,61.3167,22.1333,Oil,,Suomen Teollisuuden Energiapalvelut - STEP Oy,6.3,35.40380761988179
10120,FIN,Finland,Harjavalta,61.3167,22.1333,Hydro,,LÃ¤nsi-Suomen Voima Oy,72.0,308.37
10121,FIN,Finland,Heinola,61.2167,26.0333,Biomass,,Lahti Energia Oy,3.5,25.297953895619628
10122,FIN,Finland,Heinola vp,61.2167,26.0333,Biomass,,Stora Enso Oyj Heinolan Flutingtehdas,19.0,81.24107272635662
10123,FIN,Finland,Hietamankoski,65.7667,24.4,Hydro,,Vattenfall Sähköntuotanto oy,6.7,36.8475010090621
10124,FIN,Finland,Hilmonkoski,63.0167,25.4167,Hydro,,Vattenfall Sähköntuotanto oy,6.8,21.63
10125,FIN,Finland,Hinkua,63.75,25.3333,Hydro,,Vattenfall Sähköntuotanto oy,6.3,23.35
10126,FIN,Finland,Hirvikoski,63.6167,29.1167,Hydro,,Vattenfall Sähköntuotanto oy,8.5,34.74
10127,FIN,Finland,Huikku Hailuoto,65.009,24.7139,Wind,,Huikku Tuulivoima Oy,2.0,19.884103686193463
10128,FIN,Finland,Huittinen  Pahkionvuori tv,61.1833,22.7,Wind,,LÃ¤nnen Lintu Oy,3.6,25.658877242914706
10129,FIN,Finland,Huutokoski kt,62.9,29.4,Oil,,Fingrid Oyj,180.0,662.3276618714312
10130,FIN,Finland,Ii  Kuivaniemi tv,62.2333,25.7333,Wind,,Vapo Oy,7.0,37.93027105094734
10131,FIN,Finland,Ikaalinen,61.7695,23.0658,Gas,,LeppÃ¤kosken SÃ¤hkÃ¶ Oy,6.0,34.32103757799656
10132,FIN,Finland,Imatra,61.1669,28.7745,Hydro,,Fortum Power & Heat OY,192.0,927.86
10133,FIN,Finland,Inkeroinen ve,60.7,26.85,Hydro,,Kemijoki Oy,17.0,86.4
10134,FIN,Finland,Isohaara,67.5167,24.7833,Hydro,,PVO Vesivoima Oy,106.0,414.88
10135,FIN,Finland,Jalasjoki/Niiles,61.3403,21.5375,Hydro,,Koskienergia Koskivoima Oy,1.0,16.27487021324269
10136,FIN,Finland,Joensuu,64.6667,27.1333,Gas,,Fortum Power and Heat Oy,68.0,258.0935129009446
10137,FIN,Finland,Joensuu,64.6667,27.1333,Biomass,,UPM-Kymmene Oyj,2.8,22.771490464554084
10138,FIN,Finland,Joutseno,61.118,28.5076,Biomass,,MetsÃ¤ Fibre Oy,85.0,319.45048194110774
10139,FIN,Finland,Juankoski,62.8924,27.677,Hydro,,Savon Voima Oyj,5.5,31.24
10140,FIN,Finland,Jumisko,66.3333,28.15,Hydro,,PVO Vesivoima Oy,26.0,116.74
10141,FIN,Finland,Juntola,62.95,25.2,Hydro,,Koskienergia Koskivoima Oy,1.8,8.11
10142,FIN,Finland,Juotas,63.5,22.5333,Hydro,,Keski-Lapin voima Oy,3.7,18.14
10143,FIN,Finland,Juva,61.9,27.85,Hydro,,Koskienergia Koskivoima Oy,1.4,6.69
10144,FIN,Finland,Kaaranneskoski,66.3833,23.7,Hydro,,Tornionlaakson Voima Oy-,2.8,14.13
10145,FIN,Finland,Kaarni,61.0,28.5167,Hydro,,Rovakairan Tuotanto Oy,1.2,3.54
10146,FIN,Finland,Kaihua,66.35,26.85,Hydro,,Rovakairan Tuotanto Oy,5.4,26.31
10147,FIN,Finland,Kaipola,61.8162,25.2353,Biomass,,UPM-Kymmene Oyj,25.0,102.89647356406127
10148,FIN,Finland,Kaitfors,63.5,22.5167,Hydro,,Oy Perhonjoki Ab,7.6,37.9
10149,FIN,Finland,Kaltimo,62.8,30.15,Hydro,,UPM-Kymmene Oyj,32.0,141.78
10150,FIN,Finland,Karjalankoski,62.8924,27.677,Hydro,,Savon Voima Oyj,4.5,25.5
10151,FIN,Finland,Katerma,64.15,28.95,Hydro,,UPM-Kymmene Oyj,11.5,45.02
10152,FIN,Finland,Kattilakoski,63.4667,23.3,Hydro,,Oy HERRFORS Ab,2.1,10.29
10153,FIN,Finland,Kauttua,61.1,22.1667,Biomass,,Adven Oy,19.0,81.24107272635662
10154,FIN,Finland,Kavo,64.2273,27.7285,Biomass,,Kainuun Voima Oy,85.0,319.45048194110774
10155,FIN,Finland,Kellosaari,60.1695,24.9354,Oil,,Helsingin Energia,118.0,438.5551865484833
10156,FIN,Finland,Keltti,60.8833,26.6,Hydro,,UPM-Kymmene Oyj,19.1,93.05
10157,FIN,Finland,Kelukoski,67.4167,26.6,Hydro,,Kemijoki Oy,9.8,50.4
10158,FIN,Finland,Kemi,65.7364,24.5637,Biomass,,MetsÃ¤ Fibre Oy,75.0,283.3581472116
10159,FIN,Finland,Kemi Ajos,65.7364,24.5637,Wind,,Haminan Energia Oy,3.0,23.49333715914424
10160,FIN,Finland,Kerava,60.4034,25.105,Gas,,Keravan Energia Oy,3.7,26.019800590209783
10161,FIN,Finland,Kerava,60.4034,25.105,Biomass,,Keravan LÃ¤mpÃ¶voima Oy,19.04,81.38544206527466
10162,FIN,Finland,Kierikki,65.3333,25.2833,Hydro,,PVO Vesivoima Oy,38.0,149.81650871242132
10163,FIN,Finland,Killinkoski,62.4,23.8667,Hydro,,Killin Voima Oy,4.5,18.19
10164,FIN,Finland,Kiltua,62.8924,27.677,Hydro,,Savon Voima Oyj,5.6,31.81
10165,FIN,Finland,Kirkniemi,60.1843,23.946,Gas,,Sappi Finland Oy,128.0,474.647521277991
10166,FIN,Finland,Kissakoski,61.6,26.7333,Hydro,,SUUR-SAVON SÃHKÃ Oy,1.6,7.5
10167,FIN,Finland,Kokkola,63.8333,23.0333,Biomass,,Kokkolan Energia Oy,30.0,120.94264092881514
10168,FIN,Finland,Kokkola,63.8333,23.0333,Biomass,,Kokkolan Voima Oy,19.5,83.04568946283202
10169,FIN,Finland,Kokkola tv 1 ja 2,63.8333,23.0333,Wind,,Innopower Oy,2.0,19.884103686193463
10170,FIN,Finland,Kokkosniva,67.1108,27.5106,Hydro,,Kemijoki Oy,25.0,129.22
10171,FIN,Finland,Kolsi,61.2565,22.3564,Hydro,,Kolsin Vesivoimantuotanto Oy,45.0,174.6
10172,FIN,Finland,Koneharju kt,60.9827,25.6615,Gas,,Lahti Energia Oy,4.6,29.268110715865475
10173,FIN,Finland,Korkeakoski,61.7971,24.3723,Hydro,,Kolsin Vesivoimantuotanto Oy,8.5,32.84
10174,FIN,Finland,Koskensaari,61.7667,28.7667,Oil,,Helsingin Rauta Oy,1.2,16.996716907832845
10175,FIN,Finland,Kotka,60.4667,26.9167,Biomass,,Kotka Mills Oy,72.0,272.5304467927477
10176,FIN,Finland,Kuhankoski,60.9,26.6333,Hydro,,Koskienergia Oy,3.2,14.2
10177,FIN,Finland,Kuokkastenkoski,63.5333,28.9667,Hydro,,Pohjois-Karjalan SÃ¤hkÃ¶ Oy,2.0,9.11
10178,FIN,Finland,Kuopio  Savon Sellu,62.8799,27.6768,Biomass,,Savon Sellu OY,20.5,86.65492293578279
10179,FIN,Finland,Kurittukoski,67.4167,26.6,Hydro,,Kemijoki Oy,15.0,78.02
10180,FIN,Finland,Kurkiaska,67.4167,26.6,Hydro,,Kemijoki Oy,27.0,117.31
10181,FIN,Finland,Kuusamo,65.9667,29.1833,Biomass,,Adven Oy,6.0,34.32103757799656
10182,FIN,Finland,Kuusankoski bv,60.9,26.6333,Biomass,,Kymin Voima Oy,76.0,286.96738068455073
10183,FIN,Finland,Kuusankoski ve,60.9,26.6333,Hydro,,UPM-Kymmene Oyj,30.0,127.48
10184,FIN,Finland,Lappeenranta  Kaukaan tehdas,61.0587,28.1887,Biomass,,Kaukaan Voima Oy,119.0,442.16442002143407
10185,FIN,Finland,Lappeenranta TG9,61.0587,28.1887,Biomass,,UPM-Kymmene Oyj,67.3,255.567049469879
10186,FIN,Finland,Lappeenranta kombi,61.0587,28.1887,Gas,,UPM-Kymmene Oyj,26.3,107.58847707889728
10187,FIN,Finland,Leppikoski,64.2,24.5,Hydro,,Fortum Power & Heat   Generation,21.0,90.45
10188,FIN,Finland,Leuhunkoski,64.2,29.5833,Hydro,,Vattenfall Sähköntuotanto oy,3.2,13.21
10189,FIN,Finland,Lieksankoski,63.3667,30.7,Hydro,,Kemijoki Oy,16.0,80.6
10190,FIN,Finland,Lielahti,61.4991,23.7871,Gas,,Tampereen Sähkölaitos,142.0,525.1767898993019
10191,FIN,Finland,Loviisa Y1,60.3708,26.3468,Nuclear,,Fortum Power & Heat   Power,992.0,3593.02524190746
10192,FIN,Finland,Loviisa kt,60.3722,26.3472,Other,,Fingrid Oyj,40.0,157.03497565832288
10193,FIN,Finland,Lumijoki,64.8374,25.1861,Wind,,Lumituuli Oy,1.6,18.440410297013155
10194,FIN,Finland,Maalismaa,65.3333,25.2833,Hydro,,PVO Vesivoima Oy,38.5,151.62112544889672
10195,FIN,Finland,Maavesi,62.26,27.5436,Hydro,,Savon Voima Oyj,1.9,8.25
10196,FIN,Finland,Mankala,60.8949,26.3387,Hydro,,Oy Mankala Ab,30.0,127.28
10197,FIN,Finland,Martinlaakso,60.2833,24.8364,Gas,,Vantaan Energia Oy,171.7,632.3710240459399
10198,FIN,Finland,Matarakoski,67.4167,26.6,Hydro,,Kemijoki Oy,11.0,56.58
10199,FIN,Finland,Melo,61.1454,23.5502,Hydro,,PVO Vesivoima Oy,70.0,273.88
10200,FIN,Finland,Meri-Pori,61.6317,21.4068,Coal,,Fortum Power & Heat   Generation,565.0,2051.8825489574792
10201,FIN,Finland,Merikoski,65.0261,25.4706,Hydro,,Oulun Energia,42.0,190.85
10202,FIN,Finland,Mertaniemi 1 ja 2,61.0587,28.1887,Other,,Lappeenrannan LÃ¤mpÃ¶voima Oy,102.0,380.8074509812709
10203,FIN,Finland,Myllykoski,65.9667,29.1833,Hydro,,Koskienergia Koskivoima Oy,1.3,3.93
10204,FIN,Finland,Myllykoski ve,63.0,22.8,Hydro,,Myllykoski Paper Oy,25.0,103.0
10205,FIN,Finland,Myllykoski vp,65.9667,29.1833,Gas,,UPM,32.8,131.04849465307728
10206,FIN,Finland,Naantali  G1  2 ja 3,60.459,22.0545,Gas,,Turun Seudun Energiantuotanto Oy,290.0,1059.3433438960164
10207,FIN,Finland,Naantali kt,60.459,22.0545,Other,,Fingrid Oyj,40.0,157.03497565832288
10208,FIN,Finland,Naistenlahti 2,61.4991,23.7871,Gas,,Tampereen Sähkölaitos,191.2,702.75107676848
10209,FIN,Finland,Nokia kombi,61.4667,23.5,Gas,,LeppÃ¤kosken SÃ¤hkÃ¶ Oy,72.0,272.5304467927477
10210,FIN,Finland,Nuojua,64.5667,26.6667,Hydro,,Fortum Power & Heat   Generation,81.0,354.44
10211,FIN,Finland,Oksava,63.75,25.3333,Hydro,,Vattenfall Sähköntuotanto oy,3.0,10.62
10212,FIN,Finland,Olkiluoto 1,61.2371,21.4433,Nuclear,,Teollisuuden Voima Oyj,1760.0,6364.916549133654
10213,FIN,Finland,Olkiluoto kt,61.2371,21.4433,Other,,Fingrid Oyj,100.5,375.3936007718447
10214,FIN,Finland,Olkiluoto tv,61.2369,21.4408,Wind,,Teollisuuden Voima Oyj,1.0,16.27487021324269
10215,FIN,Finland,Ossauskoski,66.0833,24.8,Hydro,,Kemijoki Oy,124.0,462.51
10216,FIN,Finland,Oulu,65.0124,25.4682,Biomass,,Stora Enso Oyj  Oulun tehdas,105.0,391.6351514001232
10217,FIN,Finland,Oulu T210 ja T213,65.0124,25.4682,Biomass,,Laanilan Voima Oy,28.0,113.7241739829136
10218,FIN,Finland,Oulunsalo Riutunkari tv,64.9346,25.4112,Wind,,Innopower Oy,10.3,49.84074151168489
10219,FIN,Finland,Padinki,64.7,24.5833,Hydro,,Korpelan Voima kuntayhtymÃ¤,1.0,3.4
10220,FIN,Finland,Pahkakoski,65.35,26.0833,Hydro,,PVO Vesivoima Oy,42.1,203.28
10221,FIN,Finland,Palokki,62.4333,28.6,Hydro,,Pohjois-Karjalan SÃ¤hkÃ¶ Oy,6.8,21.59
10222,FIN,Finland,Pamilo,62.8,30.15,Hydro,,Pamilo Oy,85.0,377.23
10223,FIN,Finland,Pankakoski,63.3167,30.15,Hydro,,Kemijoki Oy,15.0,76.2
10224,FIN,Finland,Patalankoski,62.8167,30.4167,Hydro,,UPM-Kymmene Oyj,2.4,13.77
10225,FIN,Finland,Peltokoski,63.85,23.3667,Hydro,,Koskienergia Koskivoima Oy,2.3,9.68
10226,FIN,Finland,Permantokoski,66.5,25.7167,Hydro,,Kemijoki Oy,14.0,71.36
10227,FIN,Finland,Pietarsaari (Wisapower Oy),63.7019,22.7097,Biomass,,UPM-Kymmene Oyj Wisaforest,116.0,431.33671960258175
10228,FIN,Finland,Pirttikoski,66.5,25.7167,Hydro,,Kemijoki Oy,131.0,533.88
10229,FIN,Finland,Pori,61.4833,21.7833,Biomass,,Porin Prosessivoima Oy,81.4,306.45724143848497
10230,FIN,Finland,Portimokoski,61.9,23.05,Hydro,,Tornionlaakson Voima Oy-,11.0,43.56
10231,FIN,Finland,Porttipahta,67.4167,26.6,Hydro,,Kemijoki Oy,35.0,152.07
10232,FIN,Finland,Porvoo,60.3067,25.5506,Oil,,Neste Oil Oy,76.0,286.96738068455073
10233,FIN,Finland,Porvoo Tolkkinen,60.3923,25.6651,Oil,,Fingrid Oyj,40.0,157.03497565832288
10234,FIN,Finland,Porvoo kt 2,60.3067,25.5506,Gas,,Neste Oil Oy,120.6,447.93919357815525
10235,FIN,Finland,Puntarikoski,62.6667,29.6667,Hydro,,Pohjois-Karjalan SÃ¤hkÃ¶ Oy,6.9,22.45
10236,FIN,Finland,Pursiala 2,61.6886,27.2723,Biomass,,EtelÃ¤-Savon Energia Oy,59.7,228.13687507545316
10237,FIN,Finland,Raasakka,65.4667,27.5167,Hydro,,PVO Vesivoima Oy,60.0,228.66
10238,FIN,Finland,Rauhalahti,62.2333,25.7333,Biomass,,JyvÃ¤skylÃ¤n Energiantuotanto Oy,80.0,301.40431457635384
10239,FIN,Finland,Rauma,61.1272,21.5113,Biomass,,Rauman Biovoima Oy,71.5,270.7258300562723
10240,FIN,Finland,Rauma,61.1272,21.5113,Biomass,,MetsÃ¤ Fibre Oy,75.0,283.3581472116
10241,FIN,Finland,Ristiina,63.1,28.1833,Biomass,,JÃ¤rvi-Suomen Voima Oy,8.5,43.3441212603735
10242,FIN,Finland,Ruskeakoski,62.4167,30.45,Hydro,,Pohjois-Karjalan SÃ¤hkÃ¶ Oy,3.3,12.65
10243,FIN,Finland,Saario,62.25,30.5,Hydro,,Pohjois-Karjalan SÃ¤hkÃ¶ Oy,1.6,7.26
10244,FIN,Finland,Sallila,62.3667,29.4333,Hydro,,Sallila Energia Oy,1.2,4.93
10245,FIN,Finland,Salmisaari B,60.1656,24.9048,Coal,,Helsingin Energia,163.0,600.9706928312681
10246,FIN,Finland,Salo,60.3833,23.1333,Biomass,,Voimavasu Oy,13.5,61.39028862512737
10247,FIN,Finland,Seitakorva,66.6667,27.4167,Hydro,,Kemijoki Oy,130.0,523.83
10248,FIN,Finland,Seitenoikea,64.6167,28.4833,Hydro,,Fortum Power & Heat   Generation,37.9,158.42
10249,FIN,Finland,Siikakoski,62.5667,26.4,Hydro,,KSS Energia Oy,1.8,8.3
10250,FIN,Finland,Simpele,61.4333,29.3667,Biomass,,MetsÃ¤ Board Oyj,34.5,137.18419155709364
10251,FIN,Finland,Soilu,62.5667,26.4,Hydro,,Koskienergia Koskivoima Oy,1.8,8.3
10252,FIN,Finland,Soininkoski,65.6167,25.3167,Hydro,,Killin Voima Oy,1.42,5.95
10253,FIN,Finland,Sopenkorpi,60.9827,25.6615,Oil,,Lahti Energia Oy,14.5,64.99952209807815
10254,FIN,Finland,Sotkamo,64.1333,28.4167,Biomass,,Vapo Oy,1.3,17.357640255127922
10255,FIN,Finland,Summa tv,60.5697,27.1979,Wind,,Haminan Energia,12.0,55.97643841570121
10256,FIN,Finland,Sunila,61.0,28.3,Biomass,,Stora Enso Oyj,35.7,141.51527172463457
10257,FIN,Finland,Suomenoja power station,60.1483,24.7183,Coal,1981.0,Fortum Oyj,170.0,626.2353271419236
10258,FIN,Finland,Tahkoluoto Offshore tv,61.4833,21.7833,Wind,,Suomen HyÃ¶tytuuli Oy,2.3,20.966873728078696
10259,FIN,Finland,Tahkoluoto tv,61.4833,21.7833,Wind,,Tuuliwatti Oy,3.0,23.49333715914424
10260,FIN,Finland,Tainionkoski,61.2104,28.7834,Hydro,,Fortum Power & Heat   Generation,61.5,234.38
10261,FIN,Finland,Taivalkoski,62.4833,22.9,Hydro,,Kemijoki Oy,133.0,545.54
10262,FIN,Finland,Tako T2 ja T5,61.4991,23.7871,Gas,,MetsÃ¤ Board Oyj,16.5,72.21798904397968
10263,FIN,Finland,Tammerkoski,61.4991,23.7871,Hydro,,Tampereen Sähkölaitos,8.6,30.49
10264,FIN,Finland,Tampella ve,61.5037,23.7659,Hydro,,Tampereen Sähkölaitos,3.01,8.99
10265,FIN,Finland,Tervasaari ve,61.2642,24.0312,Hydro,,UPM-Kymmene Oyj,3.0,13.54
10266,FIN,Finland,Tolkkinen  Biolaitos,60.3923,25.6651,Biomass,,Porvoon Energia Oy,11.3,53.449974984635666
10267,FIN,Finland,Tolkkinen 1,60.3923,25.6651,Biomass,,Porvoon Energia Oy,7.8,40.817657829307954
10268,FIN,Finland,Toppila 1 ja 2,65.0124,25.4682,Biomass,,Oulun Energia,195.0,716.4661639656929
10269,FIN,Finland,Tornio,65.8481,24.1466,Biomass,,Tornion Voima Oy,39.3,154.50851222725734
10270,FIN,Finland,Tornio tv,65.8481,24.1466,Wind,,Rajakiiri Oy,28.8,116.61156076127422
10271,FIN,Finland,Uimaharju 2 + 1 vp/lv,62.9167,30.25,Biomass,,Enocell Oy,105.0,391.6351514001232
10272,FIN,Finland,Uljua,64.3333,25.85,Hydro,,Vattenfall Sähköntuotanto oy,3.7,14.63
10273,FIN,Finland,Utanen,64.7333,26.5,Hydro,,Fortum Power & Heat   Generation,57.8,203.04
10274,FIN,Finland,Uusikaupunki,60.8004,21.4084,Oil,,Yara Suomi Oy,14.2,63.916752056192905
10275,FIN,Finland,Vaaja,63.096,21.6158,Hydro,,SUUR-SAVON SÃHKÃ Oy,3.6,14.68
10276,FIN,Finland,Vajukoski,67.4167,26.6,Hydro,,Kemijoki Oy,21.0,98.43
10277,FIN,Finland,Valajaskoski,66.5,25.7167,Hydro,,Kemijoki Oy,101.0,446.61
10278,FIN,Finland,Vanaja kt 1,60.996,24.4643,Oil,,Fingrid Oyj,50.0,193.12731038783062
10279,FIN,Finland,Vaskiluoto 2,63.0914,21.5539,Coal,,Vaskiluodon Voima Oy,230.0,842.78933551897
10280,FIN,Finland,Vaskiluoto kt,63.0453,21.7863,Oil,,Fingrid Oyj,26.0,106.50570703701204
10281,FIN,Finland,Veitsiluoto,65.7364,24.5637,Biomass,,Stora Enso Oyj,90.0,337.4966493058616
10282,FIN,Finland,Venetpalo,63.9,25.7833,Hydro,,Vattenfall Sähköntuotanto oy,1.8,7.87
10283,FIN,Finland,Verla 1 ja 2,61.0667,26.6333,Hydro,,KSS Energia Oy,3.0,11.5
10284,FIN,Finland,Vihtakoski,62.3833,30.4667,Hydro,,Pohjois-Karjalan SÃ¤hkÃ¶ Oy,1.5,6.37
10285,FIN,Finland,Voikkaa ve 1,60.9333,26.6167,Hydro,,UPM-Kymmene Oyj,32.9,139.8
10286,FIN,Finland,Vuolenkoski ve,61.0833,26.1333,Hydro,,Myllykoski Paper Oy,9.5,46.96
10287,FIN,Finland,Vuosaari A,60.2199,25.1692,Gas,,Helsingin Energia,163.0,600.9706928312681
10288,FIN,Finland,Vuosaari B,60.2199,25.1692,Gas,,Helsingin Energia,485.0,1763.1438711214173
10289,FIN,Finland,Ylivieska,64.0833,24.55,Biomass,,Oy Perhonjoki AB,6.2,35.04288427258672
17866,NOR,Norway,Abjora,60.8648,9.279,Hydro,,,103.0,432.4
17867,NOR,Norway,Adamselv,70.372,26.7876,Hydro,,,60.0,294.09
17868,NOR,Norway,Alta krv,69.7049,23.8185,Hydro,,,180.0,756.43
17869,NOR,Norway,Ana-Sira,58.295,6.4531,Hydro,,,183.0,768.75
17870,NOR,Norway,Arna,60.4602,5.4377,Hydro,,,9.0,44.3
17871,NOR,Norway,Aroy,61.2768,7.1547,Hydro,,,108.0,475.51
17872,NOR,Norway,Arvik,60.1261,12.4564,Hydro,,,5.0,18.66
17873,NOR,Norway,Asebotn,59.0568,6.6587,Hydro,,,17.0,77.16
17874,NOR,Norway,Asen,63.9333,9.7667,Hydro,,,10.0,40.77
17875,NOR,Norway,Askara,61.8117,5.6615,Hydro,,,157.0,656.07
17876,NOR,Norway,Askerudfoss,60.8971,6.2015,Hydro,,,15.0,66.34
17877,NOR,Norway,Aunfoss,64.6101,12.578,Hydro,,,36.0,153.02
17878,NOR,Norway,Aura,62.6646,8.5244,Hydro,,,352.0,1282.26
17879,NOR,Norway,Aurland5,60.8629,7.3017,Hydro,,,1398.0,5305.73
17880,NOR,Norway,Bagn,60.8261,9.5448,Hydro,,,85.0,366.8
17881,NOR,Norway,Bardufoss,69.0437,18.5897,Hydro,,,2.0,8.44
17882,NOR,Norway,Batsvann,68.0662,17.7754,Hydro,,,38.0,152.52
17883,NOR,Norway,Begna,60.2026,10.2499,Hydro,,,1.0,3.58
17884,NOR,Norway,Bergerfoss,60.2278,10.3753,Hydro,,,3.0,14.15
17885,NOR,Norway,Bergsbotn,69.4332,17.4829,Hydro,,,10.0,40.77
17886,NOR,Norway,Berild,62.4475,7.4875,Hydro,,,17.0,68.99
17887,NOR,Norway,Berlifoss,58.9458,8.4821,Hydro,,,13.0,55.95
17888,NOR,Norway,Bessakerfjellet,64.2221,10.3721,Wind,,,58.0,222.00117817143683
17889,NOR,Norway,Bingsfoss,59.99,11.2648,Hydro,,,36.0,145.03
17890,NOR,Norway,Bjelland,58.4068,7.5282,Hydro,,,70.0,300.51
17891,NOR,Norway,Bjerka,66.0627,13.9978,Hydro,,,29.0,116.84
17892,NOR,Norway,Bjolvo,60.4321,6.4184,Hydro,,,117.0,487.53
17893,NOR,Norway,Bjordal,59.5393,5.5952,Hydro,,,6.0,31.87
17894,NOR,Norway,Bogna,64.2215,12.0369,Hydro,,,60.0,240.4
17895,NOR,Norway,Borgund,61.0586,7.8191,Hydro,,,240.0,925.64
17896,NOR,Norway,Borregaard inst,59.2765,11.1305,Hydro,,,62.0,276.44
17897,NOR,Norway,Boylefoss,58.5962,8.7164,Hydro,,,102.0,506.56
17898,NOR,Norway,Bratsberg,63.3729,10.4098,Hydro,,,140.0,594.69
17899,NOR,Norway,Brattingfoss,64.0433,11.0835,Hydro,,,14.0,51.14
17900,NOR,Norway,Brattset,62.8021,10.0122,Hydro,,,92.0,385.72
17901,NOR,Norway,Breiava,59.1593,6.6173,Hydro,,,16.0,58.45
17902,NOR,Norway,Brekkefoss,60.8876,8.4604,Hydro,,,2.0,9.1
17903,NOR,Norway,Brokke,59.1233,7.5106,Hydro,,,443.0,1354.09
17904,NOR,Norway,Brulandsfoss,61.4358,5.9152,Hydro,,,15.0,62.35
17905,NOR,Norway,Brunstad,62.2845,6.6772,Hydro,,,4.0,13.11
17906,NOR,Norway,Bruvollelva,64.2663,12.2944,Hydro,,,4.0,13.14
17907,NOR,Norway,Byafossen,64.0381,11.5525,Hydro,,,4.0,19.01
17908,NOR,Norway,Byrkjelo,61.7336,6.5086,Hydro,,,25.0,100.54
17909,NOR,Norway,Byrte,59.5576,7.8115,Hydro,,,25.0,99.0
17910,NOR,Norway,Daja,67.0882,16.0569,Hydro,,,31.0,114.63
17911,NOR,Norway,Dale,61.3375,5.412,Hydro,,,171.0,714.58
17912,NOR,Norway,Dalsfoss,58.9671,9.3137,Hydro,,,8.0,38.56
17913,NOR,Norway,Dalvatn,59.6906,6.5701,Hydro,,,37.0,148.25
17914,NOR,Norway,Dittielva,68.6564,18.7843,Hydro,,,6.0,25.95
17915,NOR,Norway,Dividalen,68.8741,19.5607,Hydro,,,30.0,140.9
17916,NOR,Norway,Djupdal,59.9396,9.3392,Hydro,,,17.0,92.66
17917,NOR,Norway,Djupfjord 1,68.6026,15.4734,Hydro,,,5.0,25.34
17918,NOR,Norway,Dokkelva,62.6797,8.1373,Hydro,,,5.0,17.79
17919,NOR,Norway,Dragefossen,67.0239,15.3217,Hydro,,,4.0,17.0
17920,NOR,Norway,Driva,62.623,8.8895,Hydro,,,160.0,589.1
17921,NOR,Norway,Duge,58.6659,6.5031,Hydro,,,200.0,760.92
17922,NOR,Norway,Dversetelva,67.1611,15.4057,Hydro,,,4.0,19.06
17923,NOR,Norway,Dynjanfoss,58.9516,8.3953,Hydro,,,39.0,174.29
17924,NOR,Norway,EVM,60.8085,5.0374,Gas,,,382.0,1391.3928234074879
17925,NOR,Norway,Eidefossen,61.8037,9.3037,Hydro,,,14.0,67.75
17926,NOR,Norway,Eidsfoss,59.297,9.2199,Hydro,,,18.0,94.2
17927,NOR,Norway,Eikelandsosen,60.2486,5.7382,Hydro,,,35.0,150.41
17928,NOR,Norway,Einunna,62.2313,10.3421,Hydro,,,12.0,47.52
17929,NOR,Norway,Eiriksdal,61.2359,6.1984,Hydro,,,100.0,402.57
17930,NOR,Norway,Eitro,60.2941,5.9238,Hydro,,,5.0,15.77
17931,NOR,Norway,Eldrevatn,61.0192,8.1309,Hydro,,,6.0,19.89
17932,NOR,Norway,Ellenelva,69.3807,19.6447,Hydro,,,6.0,24.01
17933,NOR,Norway,Embla,62.2171,6.9098,Hydro,,,6.0,19.84
17934,NOR,Norway,Embrets3,59.901,9.929,Hydro,,,78.0,354.26
17935,NOR,Norway,Evanger,60.6566,6.1121,Hydro,,,446.0,1513.67
17936,NOR,Norway,Fagerli,67.1193,16.0771,Hydro,,,60.0,222.31
17937,NOR,Norway,Fagervollan,66.3703,13.6567,Hydro,,,22.0,112.58
17938,NOR,Norway,Fakken,70.1023,20.1077,Wind,,,59.0,225.6104116443876
17939,NOR,Norway,Fall,60.6778,10.3526,Hydro,,,6.0,26.03
17940,NOR,Norway,Faslefoss,60.957,9.3008,Hydro,,,20.0,97.15
17941,NOR,Norway,Fausa,62.3575,6.8948,Hydro,,,8.0,40.09
17942,NOR,Norway,Finndola,59.178,8.0128,Hydro,,,130.0,502.62
17943,NOR,Norway,Finnfjordbotn,69.2306,18.0889,Gas,,,49.0,189.51807691487986
17944,NOR,Norway,Fjone,59.217,8.4518,Hydro,,,60.0,245.78
17945,NOR,Norway,Flatenfoss,58.6299,8.6888,Hydro,,,14.0,74.3
17946,NOR,Norway,Flittig,59.3229,9.5375,Hydro,,,5.0,20.21
17947,NOR,Norway,Follafoss,63.987,11.102,Hydro,,,49.0,193.82
17948,NOR,Norway,Forsa,68.2762,16.6251,Hydro,,,14.0,51.14
17949,NOR,Norway,Forsanvatn,67.9507,15.654,Hydro,,,11.0,56.28
17950,NOR,Norway,Fortun,61.5049,7.7003,Hydro,,,273.0,894.0
17951,NOR,Norway,Fossan,63.0273,11.6968,Hydro,,,3.0,13.89
17952,NOR,Norway,Fossheim,61.5801,6.4998,Hydro,,,9.0,37.58
17953,NOR,Norway,Fossmark,60.5121,5.7255,Hydro,,,11.0,44.85
17954,NOR,Norway,Fossum,59.2414,9.5607,Hydro,,,1.0,4.47
17955,NOR,Norway,Framruste,61.941,7.8813,Hydro,,,85.0,346.7
17956,NOR,Norway,Froystul,59.8467,8.4274,Hydro,,,50.0,208.22
17957,NOR,Norway,Funna,63.4369,11.7341,Hydro,,,22.0,93.68
17958,NOR,Norway,Funnefoss,60.1671,11.5293,Hydro,,,44.0,195.56
17959,NOR,Norway,Furset,62.2828,6.8848,Hydro,,,5.0,15.77
17960,NOR,Norway,Gamlebrofoss,59.6578,9.6515,Hydro,,,17.0,88.23
17961,NOR,Norway,Gandvik,70.0147,29.1153,Hydro,,,5.0,17.79
17962,NOR,Norway,Gausbu,59.3674,7.8963,Hydro,,,9.0,40.26
17963,NOR,Norway,Geithusfoss,59.929,9.9635,Hydro,,,15.0,76.24
17964,NOR,Norway,Giskemo,62.4772,6.8586,Hydro,,,5.0,17.79
17965,NOR,Norway,Gjerdsvik,62.256,5.5839,Hydro,,,6.0,26.0
17966,NOR,Norway,Gjuva,60.9297,8.4229,Hydro,,,11.0,40.51
17967,NOR,Norway,Glomfjord,66.8138,13.966,Hydro,,,32.0,146.15
17968,NOR,Norway,Grana,63.1163,9.675,Hydro,,,90.0,373.9
17969,NOR,Norway,Gravfoss,59.9294,9.9465,Hydro,,,24.0,113.75
17970,NOR,Norway,Gresslifoss,63.0577,11.4394,Hydro,,,26.0,117.18
17971,NOR,Norway,Grodemfoss,60.4397,5.8595,Hydro,,,4.0,18.09
17972,NOR,Norway,Gronvollfoss,59.6577,9.2079,Hydro,,,40.0,190.09
17973,NOR,Norway,Grov,61.8243,8.9741,Wind,,,45.0,175.08114302307675
17974,NOR,Norway,Grytdalen,63.109,8.559,Hydro,,,1.0,4.88
17975,NOR,Norway,Grytten,62.5024,7.7718,Hydro,,,6.0,26.56
17976,NOR,Norway,Grytten Kraftver,62.5024,7.7718,Hydro,,,160.0,634.51
17977,NOR,Norway,Hanefoss,58.5294,8.3377,Hydro,,,42.0,159.82
17978,NOR,Norway,Hardeland,59.6576,6.0967,Hydro,,,42.0,171.54
17979,NOR,Norway,Harpefossen,61.5815,9.8421,Hydro,,,100.0,441.65
17980,NOR,Norway,Haugfoss,59.9138,9.8857,Hydro,,,4.0,16.65
17981,NOR,Norway,Haukeli,59.7331,7.5464,Hydro,,,6.0,25.32
17982,NOR,Norway,Haukland,58.4651,6.5443,Hydro,,,6.0,19.89
17983,NOR,Norway,Haukrei,59.2048,7.8318,Hydro,,,19.0,69.54
17984,NOR,Norway,Haverstad,58.5066,7.4195,Hydro,,,62.0,266.17
17985,NOR,Norway,Havoygavlen,71.0109,24.5824,Wind,,,40.0,157.03497565832288
17986,NOR,Norway,Heggmoen,67.3558,14.8521,Hydro,,,12.0,53.3
17987,NOR,Norway,Hegsetfoss,63.1653,11.2307,Hydro,,,40.0,177.96
17988,NOR,Norway,Hekni,58.995,7.5473,Hydro,,,60.0,277.94
17989,NOR,Norway,Hellandsfoss,60.8324,5.8825,Hydro,,,35.0,142.66
17990,NOR,Norway,Hemsil 2,60.7053,8.9718,Hydro,,,188.0,848.84
17991,NOR,Norway,Hensfoss,60.2113,10.2367,Hydro,,,20.0,92.37
17992,NOR,Norway,Herva,61.5662,7.8624,Hydro,,,45.0,180.41
17993,NOR,Norway,Hitra,63.526,8.7793,Wind,,,55.0,211.1734777525845
17994,NOR,Norway,Hjartdola,59.6042,8.712,Hydro,,,150.0,526.33
17995,NOR,Norway,Hjelmeland,59.2239,6.2193,Hydro,,,6.0,22.28
17996,NOR,Norway,Hjorteland,59.3748,6.4495,Hydro,,,9.0,41.39
17997,NOR,Norway,Hodnaberg,60.5579,6.2112,Hydro,,,43.0,172.29
17998,NOR,Norway,Hofsfoss,60.1851,10.2411,Hydro,,,32.0,136.11
17999,NOR,Norway,Hog Jare,58.6464,5.7483,Wind,,,74.0,279.7489137386492
18000,NOR,Norway,Hogga,59.3105,9.0452,Hydro,,,20.0,100.07
18001,NOR,Norway,Hogstad,59.3213,9.657,Hydro,,,11.0,40.39
18002,NOR,Norway,Hol 3,60.5744,8.411,Hydro,,,348.0,1276.17
18003,NOR,Norway,Holen,59.346,7.2493,Hydro,,,460.0,1547.64
18004,NOR,Norway,Holsbru,61.3119,7.8316,Hydro,,,56.0,218.79
18005,NOR,Norway,Hommelfoss,60.9002,5.6179,Hydro,,,3.0,9.34
18006,NOR,Norway,Honnefoss,58.419,6.1095,Hydro,,,4.0,14.73
18007,NOR,Norway,Hopselva,60.3122,5.6698,Hydro,,,5.0,17.79
18008,NOR,Norway,Horga,60.0561,9.5393,Hydro,,,7.0,29.03
18009,NOR,Norway,Hovatn,58.9829,7.6694,Hydro,,,55.0,254.78
18010,NOR,Norway,Hove,61.0698,6.5948,Hydro,,,73.0,294.62
18011,NOR,Norway,Hunderfossen,61.2171,10.4394,Hydro,,,124.0,505.49
18012,NOR,Norway,Hundhammerfjelle,64.7554,11.3764,Wind,,,46.0,178.69037649602754
18013,NOR,Norway,Hylen,58.4653,6.544,Hydro,,,190.0,740.24
18014,NOR,Norway,Hynna,63.0578,11.4394,Hydro,,,5.0,23.65
18015,NOR,Norway,Innset,68.6576,18.82,Hydro,,,105.0,416.23
18016,NOR,Norway,Innvik,61.8428,6.6285,Hydro,,,17.0,77.04
18017,NOR,Norway,Istad,62.8053,7.7004,Hydro,,,6.0,25.49
18018,NOR,Norway,Iveland,58.3904,7.8944,Hydro,,,53.0,262.09
18019,NOR,Norway,Jorundland,58.8976,8.2598,Hydro,,,65.0,291.04
18020,NOR,Norway,Jossang krv.,59.0003,6.075,Hydro,,,38.0,163.3
18021,NOR,Norway,Jossingfjord,58.3258,6.3517,Hydro,,,7.0,25.99
18022,NOR,Norway,Jostedal,61.5266,7.2879,Hydro,,,320.0,1092.96
18023,NOR,Norway,Jukla,60.1891,6.3831,Hydro,,,44.0,204.31
18024,NOR,Norway,Julskaret,63.1403,10.9664,Hydro,,,8.0,35.83
18025,NOR,Norway,Juvfossen,62.2462,6.8901,Hydro,,,7.0,23.15
18026,NOR,Norway,Kaggefoss,59.9314,9.9476,Hydro,,,101.0,444.22
18027,NOR,Norway,Kaldestad,60.5545,6.0227,Hydro,,,30.0,120.65
18028,NOR,Norway,Kalvedalen,61.2567,8.7586,Hydro,,,22.0,88.79
18029,NOR,Norway,Kangsliaga,61.2567,8.7586,Hydro,,,3.0,9.36
18030,NOR,Norway,Kanstadbotn,62.676,8.157,Hydro,,,6.0,26.49
18031,NOR,Norway,Kaupanger,61.1832,7.2349,Hydro,,,6.0,22.28
18032,NOR,Norway,Kildalen,69.666,21.1067,Hydro,,,9.0,39.33
18033,NOR,Norway,Kiste,59.2428,9.8119,Hydro,,,7.0,23.15
18034,NOR,Norway,Kistefoss,60.2221,10.3687,Hydro,,,7.0,34.93
18035,NOR,Norway,Kjela,59.7308,7.4255,Hydro,,,72.0,272.31
18036,NOR,Norway,Kjollefjord,70.9217,27.2541,Wind,,,50.0,193.12731038783062
18037,NOR,Norway,Kjosnesfjorden,61.5177,6.6154,Hydro,,,97.0,361.14
18038,NOR,Norway,Kleiva,59.7393,6.5187,Hydro,,,5.0,15.8
18039,NOR,Norway,Klosterfoss,59.1984,9.6096,Hydro,,,12.0,61.23
18040,NOR,Norway,Knutfoss,64.5228,12.4264,Hydro,,,5.0,15.8
18041,NOR,Norway,Kobbelv,67.6232,15.9902,Hydro,,,352.0,1305.04
18042,NOR,Norway,Kolsvik,65.204,12.7936,Hydro,,,163.0,735.29
18043,NOR,Norway,Krokevatn,60.9838,5.6986,Hydro,,,4.0,13.11
18044,NOR,Norway,Kvanangen,69.7142,22.1694,Hydro,,,64.0,260.78
18045,NOR,Norway,Kvanndal,59.6581,6.9834,Hydro,,,50.0,200.68
18046,NOR,Norway,Kvannvatn,66.4177,14.523,Hydro,,,4.0,17.38
18047,NOR,Norway,Kvilldal,59.5118,6.5846,Hydro,,,1444.0,5614.82
18048,NOR,Norway,Kvinen,58.9281,7.0838,Hydro,,,90.0,366.86
18049,NOR,Norway,Kvitfossen,68.3268,14.6523,Hydro,,,8.0,38.06
18050,NOR,Norway,Kvittingen,60.4647,5.9085,Hydro,,,56.0,228.65
18051,NOR,Norway,Lakshola,67.4482,15.7505,Hydro,,,34.0,136.23
18052,NOR,Norway,Lang Sima,60.4986,7.1447,Hydro,,,580.0,2105.46
18053,NOR,Norway,Langfjord,65.3752,12.7007,Hydro,,,10.0,51.65
18054,NOR,Norway,Langvatn,66.337,14.1667,Hydro,,,115.0,559.96
18055,NOR,Norway,Lassajavrre,69.6606,22.22,Hydro,,,9.0,41.12
18056,NOR,Norway,Laudal,58.245,7.5141,Hydro,,,38.0,162.86
18057,NOR,Norway,Lavkajohka,69.2343,20.5261,Hydro,,,10.0,41.2
18058,NOR,Norway,Leinafoss,60.8318,7.1186,Hydro,,,5.0,19.71
18059,NOR,Norway,Leirfossene,68.2394,14.5326,Hydro,,,53.0,222.43
18060,NOR,Norway,Liarelva,59.807,5.9818,Hydro,,,2.0,7.84
18061,NOR,Norway,Lindland,58.3588,6.3034,Hydro,,,24.0,109.29
18062,NOR,Norway,Lio,59.4627,7.9391,Hydro,,,51.0,201.19
18063,NOR,Norway,Litjfossen,62.6648,10.1463,Hydro,,,83.0,322.7
18064,NOR,Norway,Litledalen,59.6635,6.0654,Hydro,,,20.0,86.02
18065,NOR,Norway,Logna,58.7638,7.5096,Hydro,,,22.0,88.63
18066,NOR,Norway,Lomen,61.1355,8.8793,Hydro,,,60.0,275.89
18067,NOR,Norway,Lomi,67.124,16.0969,Hydro,,,140.0,494.74
18068,NOR,Norway,Luostejok,69.8295,25.1672,Hydro,,,2.0,9.11
18069,NOR,Norway,Lutufallet,61.0656,12.5818,Hydro,,,15.0,80.07
18070,NOR,Norway,Lya,60.6643,8.681,Hydro,,,6.0,29.19
18071,NOR,Norway,Lysbotn,69.3871,17.7976,Hydro,,,6.0,24.41
18072,NOR,Norway,Lysebotn,59.0538,6.6258,Hydro,,,264.0,1041.71
18073,NOR,Norway,Matre,60.8744,5.5905,Hydro,,,275.0,921.55
18074,NOR,Norway,Maudal,58.7647,6.3684,Hydro,,,29.0,116.63
18075,NOR,Norway,Mauranger,60.1318,6.3305,Hydro,,,307.0,1131.47
18076,NOR,Norway,Mel,61.3467,6.5565,Hydro,,,60.0,243.96
18077,NOR,Norway,Melkefoss,69.3993,29.7872,Hydro,,,26.0,133.16
18078,NOR,Norway,Melkoya,70.684,23.5929,Gas,,,250.0,914.9740049779855
18079,NOR,Norway,Mesna,61.117,10.4709,Hydro,,,42.0,162.43
18080,NOR,Norway,Midtre Tessa,61.846,8.9611,Hydro,,,9.0,32.49
18081,NOR,Norway,Modalen,60.8366,5.8599,Hydro,,,2.0,9.29
18082,NOR,Norway,Mofjellet,66.3008,14.2484,Hydro,,,1.0,4.06
18083,NOR,Norway,Mosvik,63.7265,10.8685,Hydro,,,46.0,178.69037649602754
18084,NOR,Norway,Mykstufoss,60.0493,9.2006,Hydro,,,72.0,343.88
18085,NOR,Norway,Naddvik,61.1822,7.6355,Hydro,,,118.0,410.91
18086,NOR,Norway,Naturkraft CCPP,59.2751,5.5129,Gas,,,520.0,1889.4670426746943
18087,NOR,Norway,Nea,63.0293,11.687,Hydro,,,260.0,891.82
18088,NOR,Norway,Nedre Rossaga,66.052,13.782,Hydro,,,378.0,1364.47
18089,NOR,Norway,Nedre Vinstra,61.5761,9.7978,Hydro,,,343.0,1294.72
18090,NOR,Norway,NedreFiskumfoss,64.5433,12.455,Hydro,,,51.0,217.15
18091,NOR,Norway,NedreNea,63.1517,11.2396,Hydro,,,70.0,311.94
18092,NOR,Norway,Nes OEK,60.6044,9.0697,Hydro,,,299.0,1198.34
18093,NOR,Norway,Nomeland,58.3567,7.9045,Hydro,,,56.0,276.92
18094,NOR,Norway,Norddalen,68.1743,17.9191,Hydro,,,9.0,39.71
18095,NOR,Norway,Nore 1,60.2385,9.0008,Hydro,,,302.0,1004.83
18096,NOR,Norway,Novle,59.8385,6.8805,Hydro,,,50.0,186.41
18097,NOR,Norway,Nygard,60.8933,6.0563,Hydro,,,93.0,375.58
18098,NOR,Norway,Nygardsfjellet,68.5078,17.8764,Wind,,,36.0,142.5980417665198
18099,NOR,Norway,Oksla,60.1201,6.5566,Hydro,,,240.0,973.9
18100,NOR,Norway,Oljusjoen,60.9727,8.0747,Hydro,,,56.0,224.77
18101,NOR,Norway,Ormsetfoss,63.8451,10.6878,Hydro,,,50.0,198.2
18102,NOR,Norway,Osa,61.235,11.5091,Hydro,,,96.0,395.43
18103,NOR,Norway,Ovre Rossaga,65.8873,13.8012,Hydro,,,188.0,662.36
18104,NOR,Norway,Ovre Vinstra,61.4833,9.3125,Hydro,,,150.0,531.98
18105,NOR,Norway,Oyberget,61.9342,8.0307,Hydro,,,109.0,468.92
18106,NOR,Norway,RKA Nyhamna,62.8489,6.9433,Gas,,,253.0,925.8017053968377
18107,NOR,Norway,Ramfoss,60.0825,9.8155,Hydro,,,39.0,167.54
18108,NOR,Norway,Rana,66.3034,14.2624,Hydro,,,570.0,2109.26
18109,NOR,Norway,Refsdal,61.0213,6.5673,Hydro,,,100.0,402.57
18110,NOR,Norway,Rendal 2,61.8123,11.1214,Hydro,,,114.0,414.88
18111,NOR,Norway,Rendalen,61.8123,11.1214,Hydro,,,113.0,412.32
18112,NOR,Norway,Roldal,59.8215,6.8176,Hydro,,,192.0,661.35
18113,NOR,Norway,Roskrepp,59.0257,7.0853,Hydro,,,56.0,271.53
18114,NOR,Norway,Rygene,58.4062,8.6377,Hydro,,,65.0,309.4
18115,NOR,Norway,Saheim,59.877,8.5929,Hydro,,,206.0,765.13
18116,NOR,Norway,Sarp,59.2764,11.1337,Hydro,,,90.0,401.53
18117,NOR,Norway,Saurdal,59.4828,6.6726,Hydro,,,674.0,2408.51
18118,NOR,Norway,Savalen,62.1868,10.6171,Hydro,,,78.0,315.34
18119,NOR,Norway,Sildvik,68.4087,17.8011,Hydro,,,75.0,298.06
18120,NOR,Norway,Siso,67.325,15.7073,Hydro,,,229.0,954.32
18121,NOR,Norway,Sjona,66.3106,13.5635,Hydro,,,60.0,293.54
18122,NOR,Norway,Sjonsta,67.1944,15.7086,Hydro,,,88.0,375.59
18123,NOR,Norway,Skibotn,69.3153,20.3582,Hydro,,,83.0,315.17
18124,NOR,Norway,Skjerka,58.554,7.3762,Hydro,,,120.0,455.44
18125,NOR,Norway,Skjomen,68.2038,17.3607,Hydro,,,360.0,1363.05
18126,NOR,Norway,Skogfoss,69.3729,29.694,Hydro,,,54.0,267.57
18127,NOR,Norway,Skollenborg,59.6189,9.6677,Hydro,,,102.0,491.08
18128,NOR,Norway,Smola,63.4106,7.9099,Wind,,,160.0,590.1429924124158
18129,NOR,Norway,Solberg2,59.6365,11.1542,Hydro,,,240.0,898.57
18130,NOR,Norway,Solhom,58.7683,7.0202,Hydro,,,250.0,838.33
18131,NOR,Norway,Songa,59.7776,7.7258,Hydro,,,140.0,490.19
18132,NOR,Norway,Sonna,59.6471,6.3538,Hydro,,,310.0,1223.23
18133,NOR,Norway,Sorfjord2,68.0645,16.6638,Hydro,,,88.0,345.31
18134,NOR,Norway,Stakaldefossen,61.4459,6.0097,Hydro,,,107.0,406.26
18135,NOR,Norway,Steinsfoss,58.3002,7.9675,Hydro,,,125.0,572.23
18136,NOR,Norway,Steinsland,60.9261,5.9781,Hydro,,,198.0,763.33
18137,NOR,Norway,Storlivatn,59.6852,6.5196,Hydro,,,66.0,265.0
18138,NOR,Norway,Straumsmo,68.7408,18.643,Hydro,,,170.0,628.67
18139,NOR,Norway,Stuvane,61.0514,7.6418,Hydro,,,42.0,197.85
18140,NOR,Norway,Suldal 2,59.6496,6.8166,Hydro,,,350.0,1056.95
18141,NOR,Norway,Sundsbarm,59.4976,8.6343,Hydro,,,118.0,432.49
18142,NOR,Norway,Sundsfjord,66.9709,14.1516,Hydro,,,128.0,509.51
18143,NOR,Norway,Svartisen,66.7282,13.9135,Hydro,,,780.0,3137.37
18144,NOR,Norway,Svean,63.2793,10.4728,Hydro,,,42.0,194.43
18145,NOR,Norway,Svelgen,61.7688,5.3076,Hydro,,,140.0,586.42
18146,NOR,Norway,Svelgfoss,59.5813,9.2572,Hydro,,,111.0,535.02
18147,NOR,Norway,Svorkmo,63.1783,9.7708,Hydro,,,61.0,265.35
18148,NOR,Norway,Sy-Sima,60.4986,7.1443,Hydro,,,720.0,2880.89
18149,NOR,Norway,Tevla,63.3904,11.9106,Hydro,,,60.0,247.3
18150,NOR,Norway,Tinfos Telemark,59.5686,9.2645,Hydro,,,70.0,333.17
18151,NOR,Norway,Tjodan,59.0521,6.6524,Hydro,,,130.0,476.34
18152,NOR,Norway,Tjorhom,58.8794,6.8212,Hydro,,,140.0,543.42
18153,NOR,Norway,Tokke,59.4479,8.0354,Hydro,,,480.0,1751.97
18154,NOR,Norway,Tonstad,58.6648,6.7084,Hydro,,,1130.0,3988.43
18155,NOR,Norway,Torpa,60.9961,10.0577,Hydro,,,170.0,724.04
18156,NOR,Norway,Trolheim,63.0024,9.0191,Hydro,,,169.0,704.04
18157,NOR,Norway,Tunnsjodal,64.7041,12.8358,Hydro,,,203.0,835.92
18158,NOR,Norway,Tussa,62.1088,6.5594,Hydro,,,64.0,250.97
18159,NOR,Norway,Tyin,61.3103,7.8316,Hydro,,,440.0,1407.92
18160,NOR,Norway,Tysso 2,60.1292,6.6412,Hydro,,,258.0,975.8
18161,NOR,Norway,Ulset,62.6187,10.2545,Hydro,,,40.0,155.22
18162,NOR,Norway,Usta,60.5743,8.4096,Hydro,,,206.0,861.71
18163,NOR,Norway,Ustekveikja,60.5277,7.7524,Hydro,,,42.0,156.0
18164,NOR,Norway,Uvdal 1,60.265,8.9308,Hydro,,,150.0,643.17
18165,NOR,Norway,Vamma,59.5423,11.1704,Hydro,,,252.0,935.2
18166,NOR,Norway,Vemork,59.8468,8.4274,Hydro,,,224.0,769.78
18167,NOR,Norway,Vemundsbotn,60.855,5.6951,Hydro,,,55.0,220.37
18168,NOR,Norway,Vessingfoss,62.9957,11.8285,Hydro,,,45.0,190.1
18169,NOR,Norway,Vinje,59.6246,7.8508,Hydro,,,375.0,1173.68
18170,NOR,Norway,Vrangfoss,59.3021,9.2047,Hydro,,,42.0,202.21
18171,NOR,Norway,Ylja,61.1975,8.3808,Hydro,,,66.0,258.41
21038,SWE,Sweden,Ajaure,65.5065,15.621,Hydro,1967.0,100% Vattenfall,86.0,324.51
21039,SWE,Sweden,Akkats,66.6314,19.8199,Hydro,1973.0,100% Vattenfall,150.0,525.67
21040,SWE,Sweden,Alfta (Malvik),61.3468,16.075,Hydro,1945.0,Fortum,32.0,106.91
21041,SWE,Sweden,Alvkarleby,60.5637,17.442,Hydro,1991.0,100% Vattenfall,116.0,492.32
21042,SWE,Sweden,Angaback,56.4833,13.5,Hydro,1952.0,100% Statkraft,7.0,31.53
21043,SWE,Sweden,Anjan,63.6833,12.6333,Hydro,1978.0,Fortum,25.0,92.07
21044,SWE,Sweden,Aros,59.5883,16.5136,Biomass,,,94.0,351.9335831976647
21045,SWE,Sweden,Asele,64.102,17.2891,Hydro,,100% Vattenfall,27.0,115.27
21046,SWE,Sweden,Avesta Lillfors,60.15,16.1667,Hydro,1981.0,Fortum,22.0,101.77
21047,SWE,Sweden,Avesta Storfors,60.1454,16.1679,Hydro,,Fortum,15.0,77.39
21048,SWE,Sweden,Avestaforsen,60.1454,16.1679,Hydro,2007.0,Fortum,24.0,111.02
21049,SWE,Sweden,Bassalt,56.75,13.2833,Hydro,1910.0,100% Statkraft,8.0,27.57
21050,SWE,Sweden,Bastusel,65.4023,18.6727,Hydro,1972.0,100% Vattenfall,107.0,423.48
21051,SWE,Sweden,Batfors,65.1167,21.1,Hydro,,6.6% Statkraft,42.0,168.8
21052,SWE,Sweden,Bergeforsen,62.5204,17.3875,Hydro,1955.0,100% Vattenfall,166.0,599.09
21053,SWE,Sweden,Bergvattnet,64.55,15.2333,Hydro,1968.0,100% Statkraft,21.0,70.96
21054,SWE,Sweden,Bergvik,61.2667,16.85,Hydro,1961.0,Fortum,16.2,55.72
21055,SWE,Sweden,Bjorkhojden,63.423,16.1473,Wind,,100% Statkraft,288.0,1052.1248769501149
21056,SWE,Sweden,Bjorna,63.5667,18.55,Hydro,1986.0,90.1% Statkraft,17.0,79.27
21057,SWE,Sweden,Bjurfors Nedre,60.065,15.9237,Hydro,1959.0,100% Statkraft,78.0,298.89
21058,SWE,Sweden,Bjurfors Ovre,60.065,15.9237,Hydro,1961.0,100% Statkraft,42.0,159.72
21059,SWE,Sweden,Blyberg,61.15,14.1833,Hydro,1967.0,Fortum,15.0,71.69
21060,SWE,Sweden,Boden,65.8078,21.6716,Hydro,1972.0,100% Vattenfall,80.0,321.53
21061,SWE,Sweden,Brynge,63.2909,18.7153,Hydro,1994.0,100% Statkraft,5.0,14.77
21062,SWE,Sweden,Bullerforsen,60.4858,15.4371,Hydro,,Fortum,47.0,196.1
21063,SWE,Sweden,Dejefors,59.6167,13.4667,Hydro,1906.0,Fortum,20.0,83.46
21064,SWE,Sweden,Domnarvet,60.4858,15.4371,Hydro,1994.0,Fortum,22.0,99.62
21065,SWE,Sweden,Dromme,63.25,18.25,Hydro,1993.0,100% Statkraft,2.0,6.01
21066,SWE,Sweden,DÃ¶nje,61.3956,16.4041,Hydro,1953.0,Fortum,72.0,305.97
21067,SWE,Sweden,Eldforsen,60.5089,14.2246,Hydro,1935.0,Fortum,9.0,36.73
21068,SWE,Sweden,Fors,58.753,17.0079,Hydro,1992.0,100% Statkraft,3.0,12.8
21069,SWE,Sweden,Forshaga,59.5254,13.4813,Hydro,1916.0,Fortum,6.6,33.61
21070,SWE,Sweden,Forshult,60.9667,12.4667,Hydro,1911.0,Fortum,24.0,82.64
21071,SWE,Sweden,Forshuvud,60.4858,15.4371,Hydro,,Fortum,44.0,183.58
21072,SWE,Sweden,Forsmark,60.4028,18.1744,Nuclear,,65% Vattenfall; E.ON 8.5%; Mellansvensk Kraftgrupp 25.5%,3227.0,11659.662053952441
21073,SWE,Sweden,Forsmo,63.2713,17.1987,Hydro,1948.0,100% Vattenfall,158.0,553.56
21074,SWE,Sweden,Froslida,57.4536,12.0056,Hydro,1983.0,100% Statkraft,2.4,8.13
21075,SWE,Sweden,Frykfors,59.5072,13.3139,Hydro,1907.0,Fortum,4.7,19.83
21076,SWE,Sweden,Furudal,61.1667,15.1333,Hydro,,Fortum,3.7,10.14
21077,SWE,Sweden,Gaddede,64.5,14.15,Hydro,1974.0,100% Statkraft,22.0,100.78
21078,SWE,Sweden,Gallejuar,65.1141,19.4644,Hydro,1964.0,100% Vattenfall,220.0,703.56
21079,SWE,Sweden,GammelÃ¤nge,63.1419,16.1611,Hydro,1944.0,Fortum,78.0,315.05
21080,SWE,Sweden,Gardikfors,65.4763,15.8566,Hydro,1963.0,100% Vattenfall,60.0,225.34
21081,SWE,Sweden,Gejman,65.572,15.1816,Hydro,1970.0,100% Vattenfall,66.0,218.31
21082,SWE,Sweden,Gidbole,63.4,19.05,Hydro,1985.0,90.1% Statkraft,12.0,55.01
21083,SWE,Sweden,Gidea,63.55,18.6167,Hydro,1986.0,90.1% Statkraft,17.0,78.92
21084,SWE,Sweden,Gideabacka,63.3333,19.1,Hydro,1995.0,90.1% Statkraft,14.0,48.35
21085,SWE,Sweden,Glava,59.55,12.55,Hydro,1958.0,Fortum,16.0,71.8
21086,SWE,Sweden,Grundfors,64.9654,17.5797,Hydro,1958.0,100% Vattenfall,108.0,445.87
21087,SWE,Sweden,Halvfari,60.1667,15.0667,Hydro,1978.0,Fortum,24.0,90.19
21088,SWE,Sweden,Hammarforsen,60.0167,18.5333,Hydro,1928.0,100% Statkraft,80.0,305.58
21089,SWE,Sweden,Harrsele,64.0155,19.5619,Hydro,1957.0,51% Statkraft,223.0,762.48
21090,SWE,Sweden,Harspranget,66.8857,19.8186,Hydro,1919.0,100% Vattenfall,871.0,2977.46
21091,SWE,Sweden,Hermansboda,62.55,15.8333,Hydro,1962.0,Fortum,12.0,56.78
21092,SWE,Sweden,Hogabjar-Karsas,56.9162,12.8229,Wind,,50% Vattenfall,38.4,151.26020210160164
21093,SWE,Sweden,Hoge Vag,55.8846,13.9647,Wind,2015.0,50% Vattenfall,38.0,149.81650871242132
21094,SWE,Sweden,Hojum,58.2804,12.2787,Hydro,1941.0,100% Vattenfall,184.0,647.75
21095,SWE,Sweden,Holleforsen,62.9509,16.6681,Hydro,,100% Vattenfall,151.0,523.55
21096,SWE,Sweden,Horrmundsvalla,61.2833,13.15,Hydro,1960.0,Fortum,6.5,28.02
21097,SWE,Sweden,Hoting,64.1167,16.1667,Hydro,1978.0,100% Statkraft,15.0,72.09
21098,SWE,Sweden,Hummelforsen,59.4589,18.5942,Hydro,1955.0,Fortum,10.7,37.16
21099,SWE,Sweden,Hylte,57.4536,12.0056,Hydro,1989.0,100% Statkraft,26.0,96.42
21100,SWE,Sweden,HÃ¤sselby,59.3623,17.8241,Biomass,1959.0,Fortum,75.0,283.3581472116
21101,SWE,Sweden,HÃ¶ljes,60.9511,12.5432,Hydro,1962.0,Fortum,127.8,416.38
21102,SWE,Sweden,Idbaksverket,58.743,17.0006,Biomass,1997.0,100% Vattenfall,35.0,138.988808293569
21103,SWE,Sweden,Jarkvissle,62.3913,17.3063,Hydro,1959.0,100% Vattenfall,96.0,359.46
21104,SWE,Sweden,Jordbro,59.1497,18.1167,Biomass,1968.0,100% Vattenfall,20.0,84.8503061993074
21105,SWE,Sweden,Juktan,65.0959,17.1173,Hydro,1978.0,100% Vattenfall,26.0,109.62
21106,SWE,Sweden,Juktan Vind,65.0959,17.1173,Wind,2014.0,50% Vattenfall,27.0,110.11494050996282
21107,SWE,Sweden,Juveln,63.7167,13.15,Hydro,1978.0,Fortum,14.0,62.95
21108,SWE,Sweden,Karlshamn,56.1522,14.8325,Hydro,,,1020.0,3405.62
21109,SWE,Sweden,Karsefors,56.5121,13.0437,Hydro,1930.0,100% Statkraft,31.4,120.5
21110,SWE,Sweden,Kilforsem,63.5423,16.7629,Hydro,1953.0,100% Vattenfall,296.0,942.99
21111,SWE,Sweden,Krakerud,59.5833,13.6833,Hydro,1921.0,Fortum,22.0,83.65
21112,SWE,Sweden,KrokstrÃ¶mmen,62.0411,14.9004,Hydro,1952.0,Fortum,103.0,404.44
21113,SWE,Sweden,Kroppstadfors,59.6553,12.5852,Hydro,1959.0,Fortum,3.5,11.25
21114,SWE,Sweden,KrÃ¥ngede,63.1462,16.0706,Hydro,1936.0,Fortum,250.2,821.12
21115,SWE,Sweden,Kvarnaholm,60.45,14.55,Hydro,1958.0,100% Statkraft,5.6,27.09
21116,SWE,Sweden,Kvarnsveden 1,60.5315,17.4156,Hydro,1975.0,Fortum,28.0,119.35
21117,SWE,Sweden,Kvarnsveden 2,60.5638,17.4422,Hydro,1996.0,Fortum,30.0,127.87
21118,SWE,Sweden,Kvistforsen,64.7507,20.9528,Hydro,1962.0,100% Statkraft,140.0,475.18
21119,SWE,Sweden,Kymmen,59.95,12.75,Hydro,1987.0,Fortum,55.0,208.35
21120,SWE,Sweden,Laforsen,61.95,15.5167,Hydro,1953.0,Fortum,57.0,218.7
21121,SWE,Sweden,Laholm,56.5121,13.0437,Hydro,1932.0,100% Statkraft,11.3,51.8
21122,SWE,Sweden,Landafors,61.25,16.6333,Hydro,1976.0,Fortum,11.2,33.66
21123,SWE,Sweden,Lanforsen,60.55,17.7667,Hydro,,Fortum,44.0,162.51
21124,SWE,Sweden,Langbjorn,63.6366,16.7762,Hydro,1959.0,100% Vattenfall,98.0,430.9
21125,SWE,Sweden,Langed,58.9167,12.3,Hydro,,100% Vattenfall,5.5,24.76
21126,SWE,Sweden,Lango,58.4331,16.9667,Hydro,1956.0,100% Statkraft,1.0,4.55
21127,SWE,Sweden,Lasele,63.5548,16.8289,Hydro,,100% Vattenfall,165.0,634.64
21128,SWE,Sweden,Laxede,66.2242,20.86,Hydro,,100% Vattenfall,222.0,782.15
21129,SWE,Sweden,Lenninge,61.3167,16.4333,Hydro,1982.0,Fortum,2.7,13.58
21130,SWE,Sweden,Leringsforsen,62.5667,16.4167,Hydro,1944.0,100% Vattenfall,9.0,41.05
21131,SWE,Sweden,Letsi,66.5024,20.3797,Hydro,1967.0,100% Vattenfall,486.0,1545.45
21132,SWE,Sweden,Ligga,66.8094,19.8968,Hydro,1957.0,100% Vattenfall,332.0,1073.12
21133,SWE,Sweden,Lilla Edet,58.1356,12.1199,Hydro,1926.0,100% Vattenfall,46.0,185.58
21134,SWE,Sweden,Lillgrund,55.5167,12.7833,Wind,2007.0,100% Vattenfall,110.0,321.33
21135,SWE,Sweden,Lindbyn,60.5167,14.9667,Hydro,1953.0,Fortum,11.0,54.65
21136,SWE,Sweden,Lottefors,61.4167,16.4,Hydro,1958.0,Fortum,13.6,72.12
21137,SWE,Sweden,Malgomaj,64.8,16.0167,Hydro,1982.0,100% Statkraft,10.0,44.83
21138,SWE,Sweden,Matfors,62.35,17.0333,Hydro,1982.0,100% Statkraft,21.0,90.99
21139,SWE,Sweden,Messaure,66.6855,20.3359,Hydro,1963.0,100% Vattenfall,463.0,1496.55
21140,SWE,Sweden,Midskog,63.2395,15.2372,Hydro,1944.0,100% Vattenfall,155.0,568.22
21141,SWE,Sweden,Moforsen,63.3683,16.9876,Hydro,,,135.0,472.09
21142,SWE,Sweden,Morttjarnberget Winf Farm,62.7212,15.9471,Wind,,60% Statkraft,85.0,319.45048194110774
21143,SWE,Sweden,Motala,58.5371,15.0365,Biomass,1998.0,100% Vattenfall,3.7,26.019800590209783
21144,SWE,Sweden,Munkfors,59.8386,13.5436,Hydro,1931.0,Fortum,33.0,125.38
21145,SWE,Sweden,Namforsen,63.4402,16.8804,Hydro,1946.0,100% Vattenfall,115.0,459.81
21146,SWE,Sweden,Nas,60.45,14.4833,Hydro,1978.0,100% Vattenfall,24.0,108.17
21147,SWE,Sweden,Nasudden,57.1,18.25,Wind,1983.0,100% Vattenfall,10.2,13.97
21148,SWE,Sweden,Naverede,63.2207,15.3219,Hydro,1955.0,100% Vattenfall,70.0,286.73
21149,SWE,Sweden,Nederede,62.4333,16.4833,Hydro,,100% Statkraft,16.0,77.58
21150,SWE,Sweden,Noppikoski,61.5,14.8333,Hydro,1967.0,Fortum,10.0,30.05
21151,SWE,Sweden,Noreborg,59.7667,12.3167,Hydro,1958.0,Fortum,3.0,11.83
21152,SWE,Sweden,Nya Ãresundsverket,55.6261,13.0404,Gas,,,440.0,1600.7283648386324
21153,SWE,Sweden,Nyebro,56.9333,13.0667,Hydro,1983.0,100% Statkraft,1.4,6.02
21154,SWE,Sweden,Olidan,58.275,12.2727,Hydro,1910.0,100% Vattenfall,104.0,428.56
21155,SWE,Sweden,Oskarshamn,57.413,16.6683,Nuclear,,,2603.0,9407.500366831156
21156,SWE,Sweden,Parki,66.7667,17.5333,Hydro,,100% Vattenfall,19.0,70.11
21157,SWE,Sweden,Parteboda,62.5167,15.7833,Hydro,1960.0,Fortum,35.0,136.85
21158,SWE,Sweden,Pengfors,63.9304,19.6661,Hydro,1954.0,100% Vattenfall,69.0,277.33
21159,SWE,Sweden,Porjus,66.959,19.8023,Hydro,1975.0,100% Vattenfall,430.0,1389.89
21160,SWE,Sweden,Porsi,66.4288,20.6518,Hydro,1967.0,100% Vattenfall,282.0,896.74
21161,SWE,Sweden,Ringhals,57.2574,12.1087,Nuclear,,70.4% Vattenfall; 29.6% Karnkraft Sverige,3932.0,14204.171652382736
21162,SWE,Sweden,Ritsem,67.732,17.49,Hydro,1977.0,100% Vattenfall,304.0,808.09
21163,SWE,Sweden,Rottnen,57.0167,14.9,Hydro,1998.0,Fortum,17.0,51.94
21164,SWE,Sweden,Rusfors,64.7129,18.2534,Hydro,1962.0,100% Vattenfall,45.0,181.89
21165,SWE,Sweden,Rya,57.6924,11.8905,Gas,,,261.0,954.675573180444
21166,SWE,Sweden,Seitevare,66.9764,18.5748,Hydro,,100% Vattenfall,214.0,661.51
21167,SWE,Sweden,Selsfors,64.2167,20.3167,Hydro,1944.0,10.6% Statkraft,61.0,227.89
21168,SWE,Sweden,Sillre,62.3913,17.3063,Hydro,1987.0,100% Vattenfall,11.0,37.5
21169,SWE,Sweden,Skallbole,62.3667,16.9667,Hydro,,100% Statkraft,46.0,182.65
21170,SWE,Sweden,Skedvi,60.4,15.8,Hydro,1949.0,Fortum,38.0,161.98
21171,SWE,Sweden,Skoga,60.0667,13.4667,Hydro,1943.0,Fortum,13.6,46.77
21172,SWE,Sweden,Skogaby,56.5333,13.1833,Hydro,1922.0,100% Statkraft,12.5,57.12
21173,SWE,Sweden,Soderfors,60.3833,17.2333,Hydro,1979.0,100% Vattenfall,20.0,92.79
21174,SWE,Sweden,Spjutmo,61.0831,14.3167,Hydro,1969.0,Fortum,35.0,134.93
21175,SWE,Sweden,Stadsforsen,62.9764,16.6584,Hydro,1939.0,100% Vattenfall,142.0,493.76
21176,SWE,Sweden,Stalon,64.947,16.8273,Hydro,1961.0,100% Vattenfall,130.0,391.31
21177,SWE,Sweden,Stenkullafors,64.2861,17.2427,Hydro,,100% Vattenfall,57.0,243.78
21178,SWE,Sweden,Stensele,65.0521,17.2328,Hydro,1960.0,100% Vattenfall,54.0,218.26
21179,SWE,Sweden,Stenungsund,58.0863,11.8435,Oil,,,840.0,3044.4217540189425
21180,SWE,Sweden,Stor-Rotliden,64.2307,18.3117,Wind,2011.0,100% Vattenfall,78.0,129.72
21181,SWE,Sweden,Storfinnforsen,63.5985,16.1218,Hydro,,,112.0,457.38
21182,SWE,Sweden,Stornorrfors,63.8803,20.0184,Hydro,1958.0,75% Vattenfall,599.0,1922.37
21183,SWE,Sweden,Stugun,63.1625,15.6245,Hydro,1956.0,100% Vattenfall,47.0,189.84
21184,SWE,Sweden,SvarthÃ¥lsforsen,63.0287,16.5716,Hydro,1954.0,Fortum,80.0,323.13
21185,SWE,Sweden,Sveg,62.0272,14.284,Hydro,1975.0,Fortum,36.0,142.79
21186,SWE,Sweden,Tasjo,64.2167,15.9,Hydro,1978.0,100% Statkraft,14.0,62.88
21187,SWE,Sweden,Timsfors,56.4833,13.5833,Hydro,1926.0,100% Statkraft,2.8,13.16
21188,SWE,Sweden,Torpshammar,62.4165,16.4952,Hydro,1943.0,100% Vattenfall,119.0,408.57
21189,SWE,Sweden,TrÃ¤ngslet,61.3811,13.7312,Hydro,,Fortum,300.0,793.6
21190,SWE,Sweden,Tuggen,64.4735,18.8815,Hydro,1962.0,100% Vattenfall,118.0,424.07
21191,SWE,Sweden,Uljabuouda,65.9652,17.63,Wind,,,12.0,55.97643841570121
21192,SWE,Sweden,Umluspen,65.0959,17.1173,Hydro,1957.0,100% Vattenfall,100.0,404.2
21193,SWE,Sweden,Untra,60.4167,17.3,Hydro,1918.0,Fortum,43.0,183.6
21194,SWE,Sweden,Uppsala,59.8514,17.6783,Biomass,,,130.0,481.86598822389254
21195,SWE,Sweden,Utgrunden,56.35,16.2667,Wind,2006.0,100% Vattenfall,10.5,25.36
21196,SWE,Sweden,Væsteras power station,59.5885,16.5135,Coal,1963.0,MÃ¤larenergi,80.0,301.40431457635384
21197,SWE,Sweden,Vargfors,65.0193,19.6856,Hydro,1961.0,100% Vattenfall,134.0,456.01
21198,SWE,Sweden,Vargon,58.3557,12.3729,Hydro,1937.0,100% Vattenfall,35.0,140.94
21199,SWE,Sweden,Vartan,59.352,18.101,Biomass,,,130.0,481.86598822389254
21200,SWE,Sweden,Vietas,67.4931,18.3549,Hydro,,100% Vattenfall,325.0,1011.82
21201,SWE,Sweden,Viforsen,62.3,17.1667,Hydro,1982.0,100% Statkraft,10.0,46.65
21202,SWE,Sweden,Vittjarv,65.8453,21.5545,Hydro,,100% Vattenfall,33.0,132.39
21203,SWE,Sweden,Volgsjofors,64.55,16.75,Hydro,1980.0,100% Statkraft,20.0,88.74
21204,SWE,Sweden,VÃ¤rme,59.3532,18.0985,Gas,1980.0,Fortum,639.0,2318.965825955837
21205,SWE,Sweden,âVÃ¤rtaverket,59.3532,18.0985,Biomass,2013.0,Fortum,389.0,1416.6574577181432
