,country code,country_long,name of powerplant,capacity in MW,latitude,longitude,primary_fuel,start date,owner of plant,estimated_generation_gwh_2021;;
9895,DNK,Denmark,Aalborg,16.6,57.2544,9.9886,Solar,,,24.37;;
9896,DNK,Denmark,Amager,14.0,55.6899,12.633,Geothermal,,Ørsted,;;
9897,DNK,Denmark,Amager power station,330.0,55.6859,12.6277,Coal,1982,HOFOR A/S,;;
9898,DNK,Denmark,Anholt,399.6,56.603,11.209,Wind,2013,50% Ørsted,;;
9899,DNK,Denmark,Asnæs power station,787.0,55.6615,11.0809,Coal,1975,Ørsted,;;
9900,DNK,Denmark,Avedoereværket,815.0,55.6035,12.4812,Coal,,Ørsted,;;
9901,DNK,Denmark,Avedore Holme,11.0,55.6022,12.4611,Wind,2009,Ørsted,31.46;;
9902,DNK,Denmark,Bodilsker,10.0,55.055,15.075,Solar,,,15.04;;
9903,DNK,Denmark,Bornholm,10.0,55.155,14.87,Solar,,,14.84;;
9904,DNK,Denmark,Dræby Fed,9.2,55.4503,10.5215,Wind,2010,100% Vattenfall,31.14;;
9905,DNK,Denmark,Enstedværket,626.0,55.0206,9.4419,Coal,1979,Ørsted,;;
9906,DNK,Denmark,Esbjerg power station,407.0,55.4552,8.4544,Coal,1992,Ørsted,;;
9907,DNK,Denmark,Falster,10.0,54.825,11.975,Solar,,,14.88;;
9908,DNK,Denmark,Frederikshavn,8.0,57.4438,10.5621,Wind,2003,Ørsted,14.33;;
9909,DNK,Denmark,Fyns power station,362.0,55.4292,10.4104,Coal,1984,Fjernvarme Fyn,;;
9910,DNK,Denmark,H.C. Ørsted,98.0,55.6761,12.5683,Gas,,,;;
9911,DNK,Denmark,Hagesholm,23.0,55.7606,11.5615,Wind,,100% Vattenfall,;;
9912,DNK,Denmark,Herning CHP,88.0,56.1214,9.0068,Biomass,2009,,;;
9913,DNK,Denmark,Hjørring,10.0,57.557,9.946,Solar,,,14.45;;
9914,DNK,Denmark,Holbæk,10.0,55.76,11.72,Solar,,,14.53;;
9915,DNK,Denmark,Hollandsbjerg,16.5,56.4845,10.2489,Wind,2002,100% Vattenfall,37.89;;
9916,DNK,Denmark,Horns Rev A,160.0,55.5297,7.9062,Wind,2002,60% Vattenfall,592.73;;
9917,DNK,Denmark,Horns Rev B,209.3,55.6,7.5825,Wind,2010,,839.8;;
9918,DNK,Denmark,Klim Fjordholme,67.2,57.0599,9.1563,Wind,1996,95% Vattenfall,172.68;;
9919,DNK,Denmark,Kyndbyværket,664.0,55.8134,11.8792,Oil,,,;;
9920,DNK,Denmark,Langelinje,10.0,54.72,11.289,Solar,,,14.95;;
9921,DNK,Denmark,Lerchenborg,61.0,55.6493,11.0705,Solar,2016,Wirsol Solar AG,;;
9922,DNK,Denmark,Læsø,10.0,57.295,11.015,Solar,,,14.81;;
9923,DNK,Denmark,Middelgrunden,20.0,55.6908,12.6703,Wind,2000,Ørsted,46.58;;
9924,DNK,Denmark,Nees 1-4,51.0,56.387,8.219,Solar,,,72.43;;
9925,DNK,Denmark,Nordjylland power station,716.0,57.0736,10.0416,Coal,1989,Aalborg Forsyning,;;
9926,DNK,Denmark,Nørre Økse Sø,17.3,57.1252,9.5452,Wind,,100% Vattenfall,;;
9927,DNK,Denmark,Randers,52.0,56.4584,10.0475,Coal,,,;;
9928,DNK,Denmark,Rejsby Hede,23.4,55.0373,8.6666,Wind,1995,100% Vattenfall,64.7;;
9929,DNK,Denmark,Roedsand 1,165.6,54.54,11.715,Wind,2003,,510.25;;
9930,DNK,Denmark,Roedsand 2,207.0,54.5228,11.5447,Wind,2010,,804.88;;
9931,DNK,Denmark,Ronland 1,17.0,56.663,8.2202,Wind,2003,Dansk Vindenergi ApS,50.21;;
9932,DNK,Denmark,Samso,23.0,55.72,10.5801,Wind,2003,Vindenergi Aps,64.4;;
9933,DNK,Denmark,Skærbækværket,392.0,55.513,9.6128,Gas,1997,,;;
9934,DNK,Denmark,Sonderjylland,2.1,55.0344,9.8195,Solar,2013,Danfoss Group,;;
9935,DNK,Denmark,Sprogo,21.0,55.3436,10.9603,Wind,2009,Great Belt Link,75.61;;
9936,DNK,Denmark,Stigsnæsværket,264.0,55.2079,11.2528,Coal,1970,,;;
9937,DNK,Denmark,Studstrupværket,730.0,56.2521,10.3423,Coal,,Ørsted,;;
9938,DNK,Denmark,Svanemølle,81.0,55.7131,12.588,Gas,1985,,;;
9939,DNK,Denmark,Tuno Knob,5.0,55.9694,10.3556,Wind,1995,Ørsted,8.67;;
9940,DNK,Denmark,Vandel,50.4,55.7,9.195,Solar,,,69.59;;
9941,DNK,Denmark,Vindeby,5.0,54.97,11.1301,Wind,,Ørsted,;;
10105,FIN,Finland,Ahvenkoski,24.0,60.5,26.5,Hydro,,Oy Mankala Ab,102.52;;
10106,FIN,Finland,Aittokoski,44.8,63.7833,25.9667,Hydro,,Fortum Power & Heat   Generation,166.06;;
10107,FIN,Finland,Alakoski,4.6,62.55,29.25,Hydro,,Alakoski Oy,22.1;;
10108,FIN,Finland,Askala,1.3,60.4567,22.6869,Hydro,,Koskienergia Koskivoima Oy,3.93;;
10109,FIN,Finland,Atro,6.5,62.8924,27.677,Hydro,,Savon Voima Oyj,37.48;;
10110,FIN,Finland,Finlayson ve,4.19,61.4991,23.7871,Hydro,,Tampereen Sähkölaitos,13.2;;
10111,FIN,Finland,Forssa kt,332.6,60.7905,23.5866,Oil,,Fingrid Oyj,;;
10112,FIN,Finland,Haapakoski,32.5,65.3333,25.2833,Hydro,,PVO Vesivoima Oy,;;
10113,FIN,Finland,Haapaniemi,118.1,62.8924,27.677,Biomass,,Kuopion Energia Oy,;;
10114,FIN,Finland,Haapavesi,154.0,64.1333,25.3667,Biomass,,Kanteleen Voima Oy,;;
10115,FIN,Finland,Haapavesi,2.7,64.1333,25.3667,Gas,,Vapo Oy,;;
10116,FIN,Finland,Hamari,2.5,65.7,25.1667,Hydro,,Korpelan Voima kuntayhtymÃ¤,12.58;;
10117,FIN,Finland,Hanasaari B,212.0,60.1841,24.9711,Coal,,Helsingin Energia,;;
10118,FIN,Finland,Hanhikoski,1.5,63.3667,23.4833,Hydro,,Vattenfall Sähköntuotanto oy,7.07;;
10119,FIN,Finland,Harjavalta,6.3,61.3167,22.1333,Oil,,Suomen Teollisuuden Energiapalvelut - STEP Oy,;;
10120,FIN,Finland,Harjavalta,72.0,61.3167,22.1333,Hydro,,LÃ¤nsi-Suomen Voima Oy,308.37;;
10121,FIN,Finland,Heinola,3.5,61.2167,26.0333,Biomass,,Lahti Energia Oy,;;
10122,FIN,Finland,Heinola vp,19.0,61.2167,26.0333,Biomass,,Stora Enso Oyj Heinolan Flutingtehdas,;;
10123,FIN,Finland,Hietamankoski,6.7,65.7667,24.4,Hydro,,Vattenfall Sähköntuotanto oy,;;
10124,FIN,Finland,Hilmonkoski,6.8,63.0167,25.4167,Hydro,,Vattenfall Sähköntuotanto oy,21.63;;
10125,FIN,Finland,Hinkua,6.3,63.75,25.3333,Hydro,,Vattenfall Sähköntuotanto oy,23.35;;
10126,FIN,Finland,Hirvikoski,8.5,63.6167,29.1167,Hydro,,Vattenfall Sähköntuotanto oy,34.74;;
10127,FIN,Finland,Huikku Hailuoto,2.0,65.009,24.7139,Wind,,Huikku Tuulivoima Oy,;;
10128,FIN,Finland,Huittinen  Pahkionvuori tv,3.6,61.1833,22.7,Wind,,LÃ¤nnen Lintu Oy,;;
10129,FIN,Finland,Huutokoski kt,180.0,62.9,29.4,Oil,,Fingrid Oyj,;;
10130,FIN,Finland,Ii  Kuivaniemi tv,7.0,62.2333,25.7333,Wind,,Vapo Oy,;;
10131,FIN,Finland,Ikaalinen,6.0,61.7695,23.0658,Gas,,LeppÃ¤kosken SÃ¤hkÃ¶ Oy,;;
10132,FIN,Finland,Imatra,192.0,61.1669,28.7745,Hydro,,Fortum Power & Heat OY,927.86;;
10133,FIN,Finland,Inkeroinen ve,17.0,60.7,26.85,Hydro,,Kemijoki Oy,86.4;;
10134,FIN,Finland,Isohaara,106.0,67.5167,24.7833,Hydro,,PVO Vesivoima Oy,414.88;;
10135,FIN,Finland,Jalasjoki/Niiles,1.0,61.3403,21.5375,Hydro,,Koskienergia Koskivoima Oy,;;
10136,FIN,Finland,Joensuu,68.0,64.6667,27.1333,Gas,,Fortum Power and Heat Oy,;;
10137,FIN,Finland,Joensuu,2.8,64.6667,27.1333,Biomass,,UPM-Kymmene Oyj,;;
10138,FIN,Finland,Joutseno,85.0,61.118,28.5076,Biomass,,MetsÃ¤ Fibre Oy,;;
10139,FIN,Finland,Juankoski,5.5,62.8924,27.677,Hydro,,Savon Voima Oyj,31.24;;
10140,FIN,Finland,Jumisko,26.0,66.3333,28.15,Hydro,,PVO Vesivoima Oy,116.74;;
10141,FIN,Finland,Juntola,1.8,62.95,25.2,Hydro,,Koskienergia Koskivoima Oy,8.11;;
10142,FIN,Finland,Juotas,3.7,63.5,22.5333,Hydro,,Keski-Lapin voima Oy,18.14;;
10143,FIN,Finland,Juva,1.4,61.9,27.85,Hydro,,Koskienergia Koskivoima Oy,6.69;;
10144,FIN,Finland,Kaaranneskoski,2.8,66.3833,23.7,Hydro,,Tornionlaakson Voima Oy-,14.13;;
10145,FIN,Finland,Kaarni,1.2,61.0,28.5167,Hydro,,Rovakairan Tuotanto Oy,3.54;;
10146,FIN,Finland,Kaihua,5.4,66.35,26.85,Hydro,,Rovakairan Tuotanto Oy,26.31;;
10147,FIN,Finland,Kaipola,25.0,61.8162,25.2353,Biomass,,UPM-Kymmene Oyj,;;
10148,FIN,Finland,Kaitfors,7.6,63.5,22.5167,Hydro,,Oy Perhonjoki Ab,37.9;;
10149,FIN,Finland,Kaltimo,32.0,62.8,30.15,Hydro,,UPM-Kymmene Oyj,141.78;;
10150,FIN,Finland,Karjalankoski,4.5,62.8924,27.677,Hydro,,Savon Voima Oyj,25.5;;
10151,FIN,Finland,Katerma,11.5,64.15,28.95,Hydro,,UPM-Kymmene Oyj,45.02;;
10152,FIN,Finland,Kattilakoski,2.1,63.4667,23.3,Hydro,,Oy HERRFORS Ab,10.29;;
10153,FIN,Finland,Kauttua,19.0,61.1,22.1667,Biomass,,Adven Oy,;;
10154,FIN,Finland,Kavo,85.0,64.2273,27.7285,Biomass,,Kainuun Voima Oy,;;
10155,FIN,Finland,Kellosaari,118.0,60.1695,24.9354,Oil,,Helsingin Energia,;;
10156,FIN,Finland,Keltti,19.1,60.8833,26.6,Hydro,,UPM-Kymmene Oyj,93.05;;
10157,FIN,Finland,Kelukoski,9.8,67.4167,26.6,Hydro,,Kemijoki Oy,50.4;;
10158,FIN,Finland,Kemi,75.0,65.7364,24.5637,Biomass,,MetsÃ¤ Fibre Oy,;;
10159,FIN,Finland,Kemi Ajos,3.0,65.7364,24.5637,Wind,,Haminan Energia Oy,;;
10160,FIN,Finland,Kerava,3.7,60.4034,25.105,Gas,,Keravan Energia Oy,;;
10161,FIN,Finland,Kerava,19.04,60.4034,25.105,Biomass,,Keravan LÃ¤mpÃ¶voima Oy,;;
10162,FIN,Finland,Kierikki,38.0,65.3333,25.2833,Hydro,,PVO Vesivoima Oy,;;
10163,FIN,Finland,Killinkoski,4.5,62.4,23.8667,Hydro,,Killin Voima Oy,18.19;;
10164,FIN,Finland,Kiltua,5.6,62.8924,27.677,Hydro,,Savon Voima Oyj,31.81;;
10165,FIN,Finland,Kirkniemi,128.0,60.1843,23.946,Gas,,Sappi Finland Oy,;;
10166,FIN,Finland,Kissakoski,1.6,61.6,26.7333,Hydro,,SUUR-SAVON SÃ„HKÃ– Oy,7.5;;
10167,FIN,Finland,Kokkola,30.0,63.8333,23.0333,Biomass,,Kokkolan Energia Oy,;;
10168,FIN,Finland,Kokkola,19.5,63.8333,23.0333,Biomass,,Kokkolan Voima Oy,;;
10169,FIN,Finland,Kokkola tv 1 ja 2,2.0,63.8333,23.0333,Wind,,Innopower Oy,;;
10170,FIN,Finland,Kokkosniva,25.0,67.1108,27.5106,Hydro,,Kemijoki Oy,129.22;;
10171,FIN,Finland,Kolsi,45.0,61.2565,22.3564,Hydro,,Kolsin Vesivoimantuotanto Oy,174.6;;
10172,FIN,Finland,Koneharju kt,4.6,60.9827,25.6615,Gas,,Lahti Energia Oy,;;
10173,FIN,Finland,Korkeakoski,8.5,61.7971,24.3723,Hydro,,Kolsin Vesivoimantuotanto Oy,32.84;;
10174,FIN,Finland,Koskensaari,1.2,61.7667,28.7667,Oil,,Helsingin Rauta Oy,;;
10175,FIN,Finland,Kotka,72.0,60.4667,26.9167,Biomass,,Kotka Mills Oy,;;
10176,FIN,Finland,Kuhankoski,3.2,60.9,26.6333,Hydro,,Koskienergia Oy,14.2;;
10177,FIN,Finland,Kuokkastenkoski,2.0,63.5333,28.9667,Hydro,,Pohjois-Karjalan SÃ¤hkÃ¶ Oy,9.11;;
10178,FIN,Finland,Kuopio  Savon Sellu,20.5,62.8799,27.6768,Biomass,,Savon Sellu OY,;;
10179,FIN,Finland,Kurittukoski,15.0,67.4167,26.6,Hydro,,Kemijoki Oy,78.02;;
10180,FIN,Finland,Kurkiaska,27.0,67.4167,26.6,Hydro,,Kemijoki Oy,117.31;;
10181,FIN,Finland,Kuusamo,6.0,65.9667,29.1833,Biomass,,Adven Oy,;;
10182,FIN,Finland,Kuusankoski bv,76.0,60.9,26.6333,Biomass,,Kymin Voima Oy,;;
10183,FIN,Finland,Kuusankoski ve,30.0,60.9,26.6333,Hydro,,UPM-Kymmene Oyj,127.48;;
10184,FIN,Finland,Lappeenranta  Kaukaan tehdas,119.0,61.0587,28.1887,Biomass,,Kaukaan Voima Oy,;;
10185,FIN,Finland,Lappeenranta TG9,67.3,61.0587,28.1887,Biomass,,UPM-Kymmene Oyj,;;
10186,FIN,Finland,Lappeenranta kombi,26.3,61.0587,28.1887,Gas,,UPM-Kymmene Oyj,;;
10187,FIN,Finland,Leppikoski,21.0,64.2,24.5,Hydro,,Fortum Power & Heat   Generation,90.45;;
10188,FIN,Finland,Leuhunkoski,3.2,64.2,29.5833,Hydro,,Vattenfall Sähköntuotanto oy,13.21;;
10189,FIN,Finland,Lieksankoski,16.0,63.3667,30.7,Hydro,,Kemijoki Oy,80.6;;
10190,FIN,Finland,Lielahti,142.0,61.4991,23.7871,Gas,,Tampereen Sähkölaitos,;;
10191,FIN,Finland,Loviisa Y1,992.0,60.3708,26.3468,Nuclear,,Fortum Power & Heat   Power,;;
10192,FIN,Finland,Loviisa kt,40.0,60.3722,26.3472,Other,,Fingrid Oyj,;;
10193,FIN,Finland,Lumijoki,1.6,64.8374,25.1861,Wind,,Lumituuli Oy,;;
10194,FIN,Finland,Maalismaa,38.5,65.3333,25.2833,Hydro,,PVO Vesivoima Oy,;;
10195,FIN,Finland,Maavesi,1.9,62.26,27.5436,Hydro,,Savon Voima Oyj,8.25;;
10196,FIN,Finland,Mankala,30.0,60.8949,26.3387,Hydro,,Oy Mankala Ab,127.28;;
10197,FIN,Finland,Martinlaakso,171.7,60.2833,24.8364,Gas,,Vantaan Energia Oy,;;
10198,FIN,Finland,Matarakoski,11.0,67.4167,26.6,Hydro,,Kemijoki Oy,56.58;;
10199,FIN,Finland,Melo,70.0,61.1454,23.5502,Hydro,,PVO Vesivoima Oy,273.88;;
10200,FIN,Finland,Meri-Pori,565.0,61.6317,21.4068,Coal,,Fortum Power & Heat   Generation,;;
10201,FIN,Finland,Merikoski,42.0,65.0261,25.4706,Hydro,,Oulun Energia,190.85;;
10202,FIN,Finland,Mertaniemi 1 ja 2,102.0,61.0587,28.1887,Other,,Lappeenrannan LÃ¤mpÃ¶voima Oy,;;
10203,FIN,Finland,Myllykoski,1.3,65.9667,29.1833,Hydro,,Koskienergia Koskivoima Oy,3.93;;
10204,FIN,Finland,Myllykoski ve,25.0,63.0,22.8,Hydro,,Myllykoski Paper Oy,103.0;;
10205,FIN,Finland,Myllykoski vp,32.8,65.9667,29.1833,Gas,,UPM,;;
10206,FIN,Finland,Naantali  G1  2 ja 3,290.0,60.459,22.0545,Gas,,Turun Seudun Energiantuotanto Oy,;;
10207,FIN,Finland,Naantali kt,40.0,60.459,22.0545,Other,,Fingrid Oyj,;;
10208,FIN,Finland,Naistenlahti 2,191.2,61.4991,23.7871,Gas,,Tampereen Sähkölaitos,;;
10209,FIN,Finland,Nokia kombi,72.0,61.4667,23.5,Gas,,LeppÃ¤kosken SÃ¤hkÃ¶ Oy,;;
10210,FIN,Finland,Nuojua,81.0,64.5667,26.6667,Hydro,,Fortum Power & Heat   Generation,354.44;;
10211,FIN,Finland,Oksava,3.0,63.75,25.3333,Hydro,,Vattenfall Sähköntuotanto oy,10.62;;
10212,FIN,Finland,Olkiluoto 1,1760.0,61.2371,21.4433,Nuclear,,Teollisuuden Voima Oyj,;;
10213,FIN,Finland,Olkiluoto kt,100.5,61.2371,21.4433,Other,,Fingrid Oyj,;;
10214,FIN,Finland,Olkiluoto tv,1.0,61.2369,21.4408,Wind,,Teollisuuden Voima Oyj,;;
10215,FIN,Finland,Ossauskoski,124.0,66.0833,24.8,Hydro,,Kemijoki Oy,462.51;;
10216,FIN,Finland,Oulu,105.0,65.0124,25.4682,Biomass,,Stora Enso Oyj  Oulun tehdas,;;
10217,FIN,Finland,Oulu T210 ja T213,28.0,65.0124,25.4682,Biomass,,Laanilan Voima Oy,;;
10218,FIN,Finland,Oulunsalo Riutunkari tv,10.3,64.9346,25.4112,Wind,,Innopower Oy,;;
10219,FIN,Finland,Padinki,1.0,64.7,24.5833,Hydro,,Korpelan Voima kuntayhtymÃ¤,3.4;;
10220,FIN,Finland,Pahkakoski,42.1,65.35,26.0833,Hydro,,PVO Vesivoima Oy,203.28;;
10221,FIN,Finland,Palokki,6.8,62.4333,28.6,Hydro,,Pohjois-Karjalan SÃ¤hkÃ¶ Oy,21.59;;
10222,FIN,Finland,Pamilo,85.0,62.8,30.15,Hydro,,Pamilo Oy,377.23;;
10223,FIN,Finland,Pankakoski,15.0,63.3167,30.15,Hydro,,Kemijoki Oy,76.2;;
10224,FIN,Finland,Patalankoski,2.4,62.8167,30.4167,Hydro,,UPM-Kymmene Oyj,13.77;;
10225,FIN,Finland,Peltokoski,2.3,63.85,23.3667,Hydro,,Koskienergia Koskivoima Oy,9.68;;
10226,FIN,Finland,Permantokoski,14.0,66.5,25.7167,Hydro,,Kemijoki Oy,71.36;;
10227,FIN,Finland,Pietarsaari (Wisapower Oy),116.0,63.7019,22.7097,Biomass,,UPM-Kymmene Oyj Wisaforest,;;
10228,FIN,Finland,Pirttikoski,131.0,66.5,25.7167,Hydro,,Kemijoki Oy,533.88;;
10229,FIN,Finland,Pori,81.4,61.4833,21.7833,Biomass,,Porin Prosessivoima Oy,;;
10230,FIN,Finland,Portimokoski,11.0,61.9,23.05,Hydro,,Tornionlaakson Voima Oy-,43.56;;
10231,FIN,Finland,Porttipahta,35.0,67.4167,26.6,Hydro,,Kemijoki Oy,152.07;;
10232,FIN,Finland,Porvoo,76.0,60.3067,25.5506,Oil,,Neste Oil Oy,;;
10233,FIN,Finland,Porvoo Tolkkinen,40.0,60.3923,25.6651,Oil,,Fingrid Oyj,;;
10234,FIN,Finland,Porvoo kt 2,120.6,60.3067,25.5506,Gas,,Neste Oil Oy,;;
10235,FIN,Finland,Puntarikoski,6.9,62.6667,29.6667,Hydro,,Pohjois-Karjalan SÃ¤hkÃ¶ Oy,22.45;;
10236,FIN,Finland,Pursiala 2,59.7,61.6886,27.2723,Biomass,,EtelÃ¤-Savon Energia Oy,;;
10237,FIN,Finland,Raasakka,60.0,65.4667,27.5167,Hydro,,PVO Vesivoima Oy,228.66;;
10238,FIN,Finland,Rauhalahti,80.0,62.2333,25.7333,Biomass,,JyvÃ¤skylÃ¤n Energiantuotanto Oy,;;
10239,FIN,Finland,Rauma,71.5,61.1272,21.5113,Biomass,,Rauman Biovoima Oy,;;
10240,FIN,Finland,Rauma,75.0,61.1272,21.5113,Biomass,,MetsÃ¤ Fibre Oy,;;
10241,FIN,Finland,Ristiina,8.5,63.1,28.1833,Biomass,,JÃ¤rvi-Suomen Voima Oy,;;
10242,FIN,Finland,Ruskeakoski,3.3,62.4167,30.45,Hydro,,Pohjois-Karjalan SÃ¤hkÃ¶ Oy,12.65;;
10243,FIN,Finland,Saario,1.6,62.25,30.5,Hydro,,Pohjois-Karjalan SÃ¤hkÃ¶ Oy,7.26;;
10244,FIN,Finland,Sallila,1.2,62.3667,29.4333,Hydro,,Sallila Energia Oy,4.93;;
10245,FIN,Finland,Salmisaari B,163.0,60.1656,24.9048,Coal,,Helsingin Energia,;;
10246,FIN,Finland,Salo,13.5,60.3833,23.1333,Biomass,,Voimavasu Oy,;;
10247,FIN,Finland,Seitakorva,130.0,66.6667,27.4167,Hydro,,Kemijoki Oy,523.83;;
10248,FIN,Finland,Seitenoikea,37.9,64.6167,28.4833,Hydro,,Fortum Power & Heat   Generation,158.42;;
10249,FIN,Finland,Siikakoski,1.8,62.5667,26.4,Hydro,,KSS Energia Oy,8.3;;
10250,FIN,Finland,Simpele,34.5,61.4333,29.3667,Biomass,,MetsÃ¤ Board Oyj,;;
10251,FIN,Finland,Soilu,1.8,62.5667,26.4,Hydro,,Koskienergia Koskivoima Oy,8.3;;
10252,FIN,Finland,Soininkoski,1.42,65.6167,25.3167,Hydro,,Killin Voima Oy,5.95;;
10253,FIN,Finland,Sopenkorpi,14.5,60.9827,25.6615,Oil,,Lahti Energia Oy,;;
10254,FIN,Finland,Sotkamo,1.3,64.1333,28.4167,Biomass,,Vapo Oy,;;
10255,FIN,Finland,Summa tv,12.0,60.5697,27.1979,Wind,,Haminan Energia,;;
10256,FIN,Finland,Sunila,35.7,61.0,28.3,Biomass,,Stora Enso Oyj,;;
10257,FIN,Finland,Suomenoja power station,170.0,60.1483,24.7183,Coal,1981,Fortum Oyj,;;
10258,FIN,Finland,Tahkoluoto Offshore tv,2.3,61.4833,21.7833,Wind,,Suomen HyÃ¶tytuuli Oy,;;
10259,FIN,Finland,Tahkoluoto tv,3.0,61.4833,21.7833,Wind,,Tuuliwatti Oy,;;
10260,FIN,Finland,Tainionkoski,61.5,61.2104,28.7834,Hydro,,Fortum Power & Heat   Generation,234.38;;
10261,FIN,Finland,Taivalkoski,133.0,62.4833,22.9,Hydro,,Kemijoki Oy,545.54;;
10262,FIN,Finland,Tako T2 ja T5,16.5,61.4991,23.7871,Gas,,MetsÃ¤ Board Oyj,;;
10263,FIN,Finland,Tammerkoski,8.6,61.4991,23.7871,Hydro,,Tampereen Sähkölaitos,30.49;;
10264,FIN,Finland,Tampella ve,3.01,61.5037,23.7659,Hydro,,Tampereen Sähkölaitos,8.99;;
10265,FIN,Finland,Tervasaari ve,3.0,61.2642,24.0312,Hydro,,UPM-Kymmene Oyj,13.54;;
10266,FIN,Finland,Tolkkinen  Biolaitos,11.3,60.3923,25.6651,Biomass,,Porvoon Energia Oy,;;
10267,FIN,Finland,Tolkkinen 1,7.8,60.3923,25.6651,Biomass,,Porvoon Energia Oy,;;
10268,FIN,Finland,Toppila 1 ja 2,195.0,65.0124,25.4682,Biomass,,Oulun Energia,;;
10269,FIN,Finland,Tornio,39.3,65.8481,24.1466,Biomass,,Tornion Voima Oy,;;
10270,FIN,Finland,Tornio tv,28.8,65.8481,24.1466,Wind,,Rajakiiri Oy,;;
10271,FIN,Finland,Uimaharju 2 + 1 vp/lv,105.0,62.9167,30.25,Biomass,,Enocell Oy,;;
10272,FIN,Finland,Uljua,3.7,64.3333,25.85,Hydro,,Vattenfall Sähköntuotanto oy,14.63;;
10273,FIN,Finland,Utanen,57.8,64.7333,26.5,Hydro,,Fortum Power & Heat   Generation,203.04;;
10274,FIN,Finland,Uusikaupunki,14.2,60.8004,21.4084,Oil,,Yara Suomi Oy,;;
10275,FIN,Finland,Vaaja,3.6,63.096,21.6158,Hydro,,SUUR-SAVON SÃ„HKÃ– Oy,14.68;;
10276,FIN,Finland,Vajukoski,21.0,67.4167,26.6,Hydro,,Kemijoki Oy,98.43;;
10277,FIN,Finland,Valajaskoski,101.0,66.5,25.7167,Hydro,,Kemijoki Oy,446.61;;
10278,FIN,Finland,Vanaja kt 1,50.0,60.996,24.4643,Oil,,Fingrid Oyj,;;
10279,FIN,Finland,Vaskiluoto 2,230.0,63.0914,21.5539,Coal,,Vaskiluodon Voima Oy,;;
10280,FIN,Finland,Vaskiluoto kt,26.0,63.0453,21.7863,Oil,,Fingrid Oyj,;;
10281,FIN,Finland,Veitsiluoto,90.0,65.7364,24.5637,Biomass,,Stora Enso Oyj,;;
10282,FIN,Finland,Venetpalo,1.8,63.9,25.7833,Hydro,,Vattenfall Sähköntuotanto oy,7.87;;
10283,FIN,Finland,Verla 1 ja 2,3.0,61.0667,26.6333,Hydro,,KSS Energia Oy,11.5;;
10284,FIN,Finland,Vihtakoski,1.5,62.3833,30.4667,Hydro,,Pohjois-Karjalan SÃ¤hkÃ¶ Oy,6.37;;
10285,FIN,Finland,Voikkaa ve 1,32.9,60.9333,26.6167,Hydro,,UPM-Kymmene Oyj,139.8;;
10286,FIN,Finland,Vuolenkoski ve,9.5,61.0833,26.1333,Hydro,,Myllykoski Paper Oy,46.96;;
10287,FIN,Finland,Vuosaari A,163.0,60.2199,25.1692,Gas,,Helsingin Energia,;;
10288,FIN,Finland,Vuosaari B,485.0,60.2199,25.1692,Gas,,Helsingin Energia,;;
10289,FIN,Finland,Ylivieska,6.2,64.0833,24.55,Biomass,,Oy Perhonjoki AB,;;
17866,NOR,Norway,Abjora,103.0,60.8648,9.279,Hydro,,,432.4;;
17867,NOR,Norway,Adamselv,60.0,70.372,26.7876,Hydro,,,294.09;;
17868,NOR,Norway,Alta krv,180.0,69.7049,23.8185,Hydro,,,756.43;;
17869,NOR,Norway,Ana-Sira,183.0,58.295,6.4531,Hydro,,,768.75;;
17870,NOR,Norway,Arna,9.0,60.4602,5.4377,Hydro,,,44.3;;
17871,NOR,Norway,Aroy,108.0,61.2768,7.1547,Hydro,,,475.51;;
17872,NOR,Norway,Arvik,5.0,60.1261,12.4564,Hydro,,,18.66;;
17873,NOR,Norway,Asebotn,17.0,59.0568,6.6587,Hydro,,,77.16;;
17874,NOR,Norway,Asen,10.0,63.9333,9.7667,Hydro,,,40.77;;
17875,NOR,Norway,Askara,157.0,61.8117,5.6615,Hydro,,,656.07;;
17876,NOR,Norway,Askerudfoss,15.0,60.8971,6.2015,Hydro,,,66.34;;
17877,NOR,Norway,Aunfoss,36.0,64.6101,12.578,Hydro,,,153.02;;
17878,NOR,Norway,Aura,352.0,62.6646,8.5244,Hydro,,,1282.26;;
17879,NOR,Norway,Aurland5,1398.0,60.8629,7.3017,Hydro,,,5305.73;;
17880,NOR,Norway,Bagn,85.0,60.8261,9.5448,Hydro,,,366.8;;
17881,NOR,Norway,Bardufoss,2.0,69.0437,18.5897,Hydro,,,8.44;;
17882,NOR,Norway,Batsvann,38.0,68.0662,17.7754,Hydro,,,152.52;;
17883,NOR,Norway,Begna,1.0,60.2026,10.2499,Hydro,,,3.58;;
17884,NOR,Norway,Bergerfoss,3.0,60.2278,10.3753,Hydro,,,14.15;;
17885,NOR,Norway,Bergsbotn,10.0,69.4332,17.4829,Hydro,,,40.77;;
17886,NOR,Norway,Berild,17.0,62.4475,7.4875,Hydro,,,68.99;;
17887,NOR,Norway,Berlifoss,13.0,58.9458,8.4821,Hydro,,,55.95;;
17888,NOR,Norway,Bessakerfjellet,58.0,64.2221,10.3721,Wind,,,;;
17889,NOR,Norway,Bingsfoss,36.0,59.99,11.2648,Hydro,,,145.03;;
17890,NOR,Norway,Bjelland,70.0,58.4068,7.5282,Hydro,,,300.51;;
17891,NOR,Norway,Bjerka,29.0,66.0627,13.9978,Hydro,,,116.84;;
17892,NOR,Norway,Bjolvo,117.0,60.4321,6.4184,Hydro,,,487.53;;
17893,NOR,Norway,Bjordal,6.0,59.5393,5.5952,Hydro,,,31.87;;
17894,NOR,Norway,Bogna,60.0,64.2215,12.0369,Hydro,,,240.4;;
17895,NOR,Norway,Borgund,240.0,61.0586,7.8191,Hydro,,,925.64;;
17896,NOR,Norway,Borregaard inst,62.0,59.2765,11.1305,Hydro,,,276.44;;
17897,NOR,Norway,Boylefoss,102.0,58.5962,8.7164,Hydro,,,506.56;;
17898,NOR,Norway,Bratsberg,140.0,63.3729,10.4098,Hydro,,,594.69;;
17899,NOR,Norway,Brattingfoss,14.0,64.0433,11.0835,Hydro,,,51.14;;
17900,NOR,Norway,Brattset,92.0,62.8021,10.0122,Hydro,,,385.72;;
17901,NOR,Norway,Breiava,16.0,59.1593,6.6173,Hydro,,,58.45;;
17902,NOR,Norway,Brekkefoss,2.0,60.8876,8.4604,Hydro,,,9.1;;
17903,NOR,Norway,Brokke,443.0,59.1233,7.5106,Hydro,,,1354.09;;
17904,NOR,Norway,Brulandsfoss,15.0,61.4358,5.9152,Hydro,,,62.35;;
17905,NOR,Norway,Brunstad,4.0,62.2845,6.6772,Hydro,,,13.11;;
17906,NOR,Norway,Bruvollelva,4.0,64.2663,12.2944,Hydro,,,13.14;;
17907,NOR,Norway,Byafossen,4.0,64.0381,11.5525,Hydro,,,19.01;;
17908,NOR,Norway,Byrkjelo,25.0,61.7336,6.5086,Hydro,,,100.54;;
17909,NOR,Norway,Byrte,25.0,59.5576,7.8115,Hydro,,,99.0;;
17910,NOR,Norway,Daja,31.0,67.0882,16.0569,Hydro,,,114.63;;
17911,NOR,Norway,Dale,171.0,61.3375,5.412,Hydro,,,714.58;;
17912,NOR,Norway,Dalsfoss,8.0,58.9671,9.3137,Hydro,,,38.56;;
17913,NOR,Norway,Dalvatn,37.0,59.6906,6.5701,Hydro,,,148.25;;
17914,NOR,Norway,Dittielva,6.0,68.6564,18.7843,Hydro,,,25.95;;
17915,NOR,Norway,Dividalen,30.0,68.8741,19.5607,Hydro,,,140.9;;
17916,NOR,Norway,Djupdal,17.0,59.9396,9.3392,Hydro,,,92.66;;
17917,NOR,Norway,Djupfjord 1,5.0,68.6026,15.4734,Hydro,,,25.34;;
17918,NOR,Norway,Dokkelva,5.0,62.6797,8.1373,Hydro,,,17.79;;
17919,NOR,Norway,Dragefossen,4.0,67.0239,15.3217,Hydro,,,17.0;;
17920,NOR,Norway,Driva,160.0,62.623,8.8895,Hydro,,,589.1;;
17921,NOR,Norway,Duge,200.0,58.6659,6.5031,Hydro,,,760.92;;
17922,NOR,Norway,Dversetelva,4.0,67.1611,15.4057,Hydro,,,19.06;;
17923,NOR,Norway,Dynjanfoss,39.0,58.9516,8.3953,Hydro,,,174.29;;
17924,NOR,Norway,EVM,382.0,60.8085,5.0374,Gas,,,;;
17925,NOR,Norway,Eidefossen,14.0,61.8037,9.3037,Hydro,,,67.75;;
17926,NOR,Norway,Eidsfoss,18.0,59.297,9.2199,Hydro,,,94.2;;
17927,NOR,Norway,Eikelandsosen,35.0,60.2486,5.7382,Hydro,,,150.41;;
17928,NOR,Norway,Einunna,12.0,62.2313,10.3421,Hydro,,,47.52;;
17929,NOR,Norway,Eiriksdal,100.0,61.2359,6.1984,Hydro,,,402.57;;
17930,NOR,Norway,Eitro,5.0,60.2941,5.9238,Hydro,,,15.77;;
17931,NOR,Norway,Eldrevatn,6.0,61.0192,8.1309,Hydro,,,19.89;;
17932,NOR,Norway,Ellenelva,6.0,69.3807,19.6447,Hydro,,,24.01;;
17933,NOR,Norway,Embla,6.0,62.2171,6.9098,Hydro,,,19.84;;
17934,NOR,Norway,Embrets3,78.0,59.901,9.929,Hydro,,,354.26;;
17935,NOR,Norway,Evanger,446.0,60.6566,6.1121,Hydro,,,1513.67;;
17936,NOR,Norway,Fagerli,60.0,67.1193,16.0771,Hydro,,,222.31;;
17937,NOR,Norway,Fagervollan,22.0,66.3703,13.6567,Hydro,,,112.58;;
17938,NOR,Norway,Fakken,59.0,70.1023,20.1077,Wind,,,;;
17939,NOR,Norway,Fall,6.0,60.6778,10.3526,Hydro,,,26.03;;
17940,NOR,Norway,Faslefoss,20.0,60.957,9.3008,Hydro,,,97.15;;
17941,NOR,Norway,Fausa,8.0,62.3575,6.8948,Hydro,,,40.09;;
17942,NOR,Norway,Finndola,130.0,59.178,8.0128,Hydro,,,502.62;;
17943,NOR,Norway,Finnfjordbotn,49.0,69.2306,18.0889,Gas,,,;;
17944,NOR,Norway,Fjone,60.0,59.217,8.4518,Hydro,,,245.78;;
17945,NOR,Norway,Flatenfoss,14.0,58.6299,8.6888,Hydro,,,74.3;;
17946,NOR,Norway,Flittig,5.0,59.3229,9.5375,Hydro,,,20.21;;
17947,NOR,Norway,Follafoss,49.0,63.987,11.102,Hydro,,,193.82;;
17948,NOR,Norway,Forsa,14.0,68.2762,16.6251,Hydro,,,51.14;;
17949,NOR,Norway,Forsanvatn,11.0,67.9507,15.654,Hydro,,,56.28;;
17950,NOR,Norway,Fortun,273.0,61.5049,7.7003,Hydro,,,894.0;;
17951,NOR,Norway,Fossan,3.0,63.0273,11.6968,Hydro,,,13.89;;
17952,NOR,Norway,Fossheim,9.0,61.5801,6.4998,Hydro,,,37.58;;
17953,NOR,Norway,Fossmark,11.0,60.5121,5.7255,Hydro,,,44.85;;
17954,NOR,Norway,Fossum,1.0,59.2414,9.5607,Hydro,,,4.47;;
17955,NOR,Norway,Framruste,85.0,61.941,7.8813,Hydro,,,346.7;;
17956,NOR,Norway,Froystul,50.0,59.8467,8.4274,Hydro,,,208.22;;
17957,NOR,Norway,Funna,22.0,63.4369,11.7341,Hydro,,,93.68;;
17958,NOR,Norway,Funnefoss,44.0,60.1671,11.5293,Hydro,,,195.56;;
17959,NOR,Norway,Furset,5.0,62.2828,6.8848,Hydro,,,15.77;;
17960,NOR,Norway,Gamlebrofoss,17.0,59.6578,9.6515,Hydro,,,88.23;;
17961,NOR,Norway,Gandvik,5.0,70.0147,29.1153,Hydro,,,17.79;;
17962,NOR,Norway,Gausbu,9.0,59.3674,7.8963,Hydro,,,40.26;;
17963,NOR,Norway,Geithusfoss,15.0,59.929,9.9635,Hydro,,,76.24;;
17964,NOR,Norway,Giskemo,5.0,62.4772,6.8586,Hydro,,,17.79;;
17965,NOR,Norway,Gjerdsvik,6.0,62.256,5.5839,Hydro,,,26.0;;
17966,NOR,Norway,Gjuva,11.0,60.9297,8.4229,Hydro,,,40.51;;
17967,NOR,Norway,Glomfjord,32.0,66.8138,13.966,Hydro,,,146.15;;
17968,NOR,Norway,Grana,90.0,63.1163,9.675,Hydro,,,373.9;;
17969,NOR,Norway,Gravfoss,24.0,59.9294,9.9465,Hydro,,,113.75;;
17970,NOR,Norway,Gresslifoss,26.0,63.0577,11.4394,Hydro,,,117.18;;
17971,NOR,Norway,Grodemfoss,4.0,60.4397,5.8595,Hydro,,,18.09;;
17972,NOR,Norway,Gronvollfoss,40.0,59.6577,9.2079,Hydro,,,190.09;;
17973,NOR,Norway,Grov,45.0,61.8243,8.9741,Wind,,,;;
17974,NOR,Norway,Grytdalen,1.0,63.109,8.559,Hydro,,,4.88;;
17975,NOR,Norway,Grytten,6.0,62.5024,7.7718,Hydro,,,26.56;;
17976,NOR,Norway,Grytten Kraftver,160.0,62.5024,7.7718,Hydro,,,634.51;;
17977,NOR,Norway,Hanefoss,42.0,58.5294,8.3377,Hydro,,,159.82;;
17978,NOR,Norway,Hardeland,42.0,59.6576,6.0967,Hydro,,,171.54;;
17979,NOR,Norway,Harpefossen,100.0,61.5815,9.8421,Hydro,,,441.65;;
17980,NOR,Norway,Haugfoss,4.0,59.9138,9.8857,Hydro,,,16.65;;
17981,NOR,Norway,Haukeli,6.0,59.7331,7.5464,Hydro,,,25.32;;
17982,NOR,Norway,Haukland,6.0,58.4651,6.5443,Hydro,,,19.89;;
17983,NOR,Norway,Haukrei,19.0,59.2048,7.8318,Hydro,,,69.54;;
17984,NOR,Norway,Haverstad,62.0,58.5066,7.4195,Hydro,,,266.17;;
17985,NOR,Norway,Havoygavlen,40.0,71.0109,24.5824,Wind,,,;;
17986,NOR,Norway,Heggmoen,12.0,67.3558,14.8521,Hydro,,,53.3;;
17987,NOR,Norway,Hegsetfoss,40.0,63.1653,11.2307,Hydro,,,177.96;;
17988,NOR,Norway,Hekni,60.0,58.995,7.5473,Hydro,,,277.94;;
17989,NOR,Norway,Hellandsfoss,35.0,60.8324,5.8825,Hydro,,,142.66;;
17990,NOR,Norway,Hemsil 2,188.0,60.7053,8.9718,Hydro,,,848.84;;
17991,NOR,Norway,Hensfoss,20.0,60.2113,10.2367,Hydro,,,92.37;;
17992,NOR,Norway,Herva,45.0,61.5662,7.8624,Hydro,,,180.41;;
17993,NOR,Norway,Hitra,55.0,63.526,8.7793,Wind,,,;;
17994,NOR,Norway,Hjartdola,150.0,59.6042,8.712,Hydro,,,526.33;;
17995,NOR,Norway,Hjelmeland,6.0,59.2239,6.2193,Hydro,,,22.28;;
17996,NOR,Norway,Hjorteland,9.0,59.3748,6.4495,Hydro,,,41.39;;
17997,NOR,Norway,Hodnaberg,43.0,60.5579,6.2112,Hydro,,,172.29;;
17998,NOR,Norway,Hofsfoss,32.0,60.1851,10.2411,Hydro,,,136.11;;
17999,NOR,Norway,Hog Jare,74.0,58.6464,5.7483,Wind,,,;;
18000,NOR,Norway,Hogga,20.0,59.3105,9.0452,Hydro,,,100.07;;
18001,NOR,Norway,Hogstad,11.0,59.3213,9.657,Hydro,,,40.39;;
18002,NOR,Norway,Hol 3,348.0,60.5744,8.411,Hydro,,,1276.17;;
18003,NOR,Norway,Holen,460.0,59.346,7.2493,Hydro,,,1547.64;;
18004,NOR,Norway,Holsbru,56.0,61.3119,7.8316,Hydro,,,218.79;;
18005,NOR,Norway,Hommelfoss,3.0,60.9002,5.6179,Hydro,,,9.34;;
18006,NOR,Norway,Honnefoss,4.0,58.419,6.1095,Hydro,,,14.73;;
18007,NOR,Norway,Hopselva,5.0,60.3122,5.6698,Hydro,,,17.79;;
18008,NOR,Norway,Horga,7.0,60.0561,9.5393,Hydro,,,29.03;;
18009,NOR,Norway,Hovatn,55.0,58.9829,7.6694,Hydro,,,254.78;;
18010,NOR,Norway,Hove,73.0,61.0698,6.5948,Hydro,,,294.62;;
18011,NOR,Norway,Hunderfossen,124.0,61.2171,10.4394,Hydro,,,505.49;;
18012,NOR,Norway,Hundhammerfjelle,46.0,64.7554,11.3764,Wind,,,;;
18013,NOR,Norway,Hylen,190.0,58.4653,6.544,Hydro,,,740.24;;
18014,NOR,Norway,Hynna,5.0,63.0578,11.4394,Hydro,,,23.65;;
18015,NOR,Norway,Innset,105.0,68.6576,18.82,Hydro,,,416.23;;
18016,NOR,Norway,Innvik,17.0,61.8428,6.6285,Hydro,,,77.04;;
18017,NOR,Norway,Istad,6.0,62.8053,7.7004,Hydro,,,25.49;;
18018,NOR,Norway,Iveland,53.0,58.3904,7.8944,Hydro,,,262.09;;
18019,NOR,Norway,Jorundland,65.0,58.8976,8.2598,Hydro,,,291.04;;
18020,NOR,Norway,Jossang krv.,38.0,59.0003,6.075,Hydro,,,163.3;;
18021,NOR,Norway,Jossingfjord,7.0,58.3258,6.3517,Hydro,,,25.99;;
18022,NOR,Norway,Jostedal,320.0,61.5266,7.2879,Hydro,,,1092.96;;
18023,NOR,Norway,Jukla,44.0,60.1891,6.3831,Hydro,,,204.31;;
18024,NOR,Norway,Julskaret,8.0,63.1403,10.9664,Hydro,,,35.83;;
18025,NOR,Norway,Juvfossen,7.0,62.2462,6.8901,Hydro,,,23.15;;
18026,NOR,Norway,Kaggefoss,101.0,59.9314,9.9476,Hydro,,,444.22;;
18027,NOR,Norway,Kaldestad,30.0,60.5545,6.0227,Hydro,,,120.65;;
18028,NOR,Norway,Kalvedalen,22.0,61.2567,8.7586,Hydro,,,88.79;;
18029,NOR,Norway,Kangsliaga,3.0,61.2567,8.7586,Hydro,,,9.36;;
18030,NOR,Norway,Kanstadbotn,6.0,62.676,8.157,Hydro,,,26.49;;
18031,NOR,Norway,Kaupanger,6.0,61.1832,7.2349,Hydro,,,22.28;;
18032,NOR,Norway,Kildalen,9.0,69.666,21.1067,Hydro,,,39.33;;
18033,NOR,Norway,Kiste,7.0,59.2428,9.8119,Hydro,,,23.15;;
18034,NOR,Norway,Kistefoss,7.0,60.2221,10.3687,Hydro,,,34.93;;
18035,NOR,Norway,Kjela,72.0,59.7308,7.4255,Hydro,,,272.31;;
18036,NOR,Norway,Kjollefjord,50.0,70.9217,27.2541,Wind,,,;;
18037,NOR,Norway,Kjosnesfjorden,97.0,61.5177,6.6154,Hydro,,,361.14;;
18038,NOR,Norway,Kleiva,5.0,59.7393,6.5187,Hydro,,,15.8;;
18039,NOR,Norway,Klosterfoss,12.0,59.1984,9.6096,Hydro,,,61.23;;
18040,NOR,Norway,Knutfoss,5.0,64.5228,12.4264,Hydro,,,15.8;;
18041,NOR,Norway,Kobbelv,352.0,67.6232,15.9902,Hydro,,,1305.04;;
18042,NOR,Norway,Kolsvik,163.0,65.204,12.7936,Hydro,,,735.29;;
18043,NOR,Norway,Krokevatn,4.0,60.9838,5.6986,Hydro,,,13.11;;
18044,NOR,Norway,Kvanangen,64.0,69.7142,22.1694,Hydro,,,260.78;;
18045,NOR,Norway,Kvanndal,50.0,59.6581,6.9834,Hydro,,,200.68;;
18046,NOR,Norway,Kvannvatn,4.0,66.4177,14.523,Hydro,,,17.38;;
18047,NOR,Norway,Kvilldal,1444.0,59.5118,6.5846,Hydro,,,5614.82;;
18048,NOR,Norway,Kvinen,90.0,58.9281,7.0838,Hydro,,,366.86;;
18049,NOR,Norway,Kvitfossen,8.0,68.3268,14.6523,Hydro,,,38.06;;
18050,NOR,Norway,Kvittingen,56.0,60.4647,5.9085,Hydro,,,228.65;;
18051,NOR,Norway,Lakshola,34.0,67.4482,15.7505,Hydro,,,136.23;;
18052,NOR,Norway,Lang Sima,580.0,60.4986,7.1447,Hydro,,,2105.46;;
18053,NOR,Norway,Langfjord,10.0,65.3752,12.7007,Hydro,,,51.65;;
18054,NOR,Norway,Langvatn,115.0,66.337,14.1667,Hydro,,,559.96;;
18055,NOR,Norway,Lassajavrre,9.0,69.6606,22.22,Hydro,,,41.12;;
18056,NOR,Norway,Laudal,38.0,58.245,7.5141,Hydro,,,162.86;;
18057,NOR,Norway,Lavkajohka,10.0,69.2343,20.5261,Hydro,,,41.2;;
18058,NOR,Norway,Leinafoss,5.0,60.8318,7.1186,Hydro,,,19.71;;
18059,NOR,Norway,Leirfossene,53.0,68.2394,14.5326,Hydro,,,222.43;;
18060,NOR,Norway,Liarelva,2.0,59.807,5.9818,Hydro,,,7.84;;
18061,NOR,Norway,Lindland,24.0,58.3588,6.3034,Hydro,,,109.29;;
18062,NOR,Norway,Lio,51.0,59.4627,7.9391,Hydro,,,201.19;;
18063,NOR,Norway,Litjfossen,83.0,62.6648,10.1463,Hydro,,,322.7;;
18064,NOR,Norway,Litledalen,20.0,59.6635,6.0654,Hydro,,,86.02;;
18065,NOR,Norway,Logna,22.0,58.7638,7.5096,Hydro,,,88.63;;
18066,NOR,Norway,Lomen,60.0,61.1355,8.8793,Hydro,,,275.89;;
18067,NOR,Norway,Lomi,140.0,67.124,16.0969,Hydro,,,494.74;;
18068,NOR,Norway,Luostejok,2.0,69.8295,25.1672,Hydro,,,9.11;;
18069,NOR,Norway,Lutufallet,15.0,61.0656,12.5818,Hydro,,,80.07;;
18070,NOR,Norway,Lya,6.0,60.6643,8.681,Hydro,,,29.19;;
18071,NOR,Norway,Lysbotn,6.0,69.3871,17.7976,Hydro,,,24.41;;
18072,NOR,Norway,Lysebotn,264.0,59.0538,6.6258,Hydro,,,1041.71;;
18073,NOR,Norway,Matre,275.0,60.8744,5.5905,Hydro,,,921.55;;
18074,NOR,Norway,Maudal,29.0,58.7647,6.3684,Hydro,,,116.63;;
18075,NOR,Norway,Mauranger,307.0,60.1318,6.3305,Hydro,,,1131.47;;
18076,NOR,Norway,Mel,60.0,61.3467,6.5565,Hydro,,,243.96;;
18077,NOR,Norway,Melkefoss,26.0,69.3993,29.7872,Hydro,,,133.16;;
18078,NOR,Norway,Melkoya,250.0,70.684,23.5929,Gas,,,;;
18079,NOR,Norway,Mesna,42.0,61.117,10.4709,Hydro,,,162.43;;
18080,NOR,Norway,Midtre Tessa,9.0,61.846,8.9611,Hydro,,,32.49;;
18081,NOR,Norway,Modalen,2.0,60.8366,5.8599,Hydro,,,9.29;;
18082,NOR,Norway,Mofjellet,1.0,66.3008,14.2484,Hydro,,,4.06;;
18083,NOR,Norway,Mosvik,46.0,63.7265,10.8685,Hydro,,,;;
18084,NOR,Norway,Mykstufoss,72.0,60.0493,9.2006,Hydro,,,343.88;;
18085,NOR,Norway,Naddvik,118.0,61.1822,7.6355,Hydro,,,410.91;;
18086,NOR,Norway,Naturkraft CCPP,520.0,59.2751,5.5129,Gas,,,;;
18087,NOR,Norway,Nea,260.0,63.0293,11.687,Hydro,,,891.82;;
18088,NOR,Norway,Nedre Rossaga,378.0,66.052,13.782,Hydro,,,1364.47;;
18089,NOR,Norway,Nedre Vinstra,343.0,61.5761,9.7978,Hydro,,,1294.72;;
18090,NOR,Norway,NedreFiskumfoss,51.0,64.5433,12.455,Hydro,,,217.15;;
18091,NOR,Norway,NedreNea,70.0,63.1517,11.2396,Hydro,,,311.94;;
18092,NOR,Norway,Nes OEK,299.0,60.6044,9.0697,Hydro,,,1198.34;;
18093,NOR,Norway,Nomeland,56.0,58.3567,7.9045,Hydro,,,276.92;;
18094,NOR,Norway,Norddalen,9.0,68.1743,17.9191,Hydro,,,39.71;;
18095,NOR,Norway,Nore 1,302.0,60.2385,9.0008,Hydro,,,1004.83;;
18096,NOR,Norway,Novle,50.0,59.8385,6.8805,Hydro,,,186.41;;
18097,NOR,Norway,Nygard,93.0,60.8933,6.0563,Hydro,,,375.58;;
18098,NOR,Norway,Nygardsfjellet,36.0,68.5078,17.8764,Wind,,,;;
18099,NOR,Norway,Oksla,240.0,60.1201,6.5566,Hydro,,,973.9;;
18100,NOR,Norway,Oljusjoen,56.0,60.9727,8.0747,Hydro,,,224.77;;
18101,NOR,Norway,Ormsetfoss,50.0,63.8451,10.6878,Hydro,,,198.2;;
18102,NOR,Norway,Osa,96.0,61.235,11.5091,Hydro,,,395.43;;
18103,NOR,Norway,Ovre Rossaga,188.0,65.8873,13.8012,Hydro,,,662.36;;
18104,NOR,Norway,Ovre Vinstra,150.0,61.4833,9.3125,Hydro,,,531.98;;
18105,NOR,Norway,Oyberget,109.0,61.9342,8.0307,Hydro,,,468.92;;
18106,NOR,Norway,RKA Nyhamna,253.0,62.8489,6.9433,Gas,,,;;
18107,NOR,Norway,Ramfoss,39.0,60.0825,9.8155,Hydro,,,167.54;;
18108,NOR,Norway,Rana,570.0,66.3034,14.2624,Hydro,,,2109.26;;
18109,NOR,Norway,Refsdal,100.0,61.0213,6.5673,Hydro,,,402.57;;
18110,NOR,Norway,Rendal 2,114.0,61.8123,11.1214,Hydro,,,414.88;;
18111,NOR,Norway,Rendalen,113.0,61.8123,11.1214,Hydro,,,412.32;;
18112,NOR,Norway,Roldal,192.0,59.8215,6.8176,Hydro,,,661.35;;
18113,NOR,Norway,Roskrepp,56.0,59.0257,7.0853,Hydro,,,271.53;;
18114,NOR,Norway,Rygene,65.0,58.4062,8.6377,Hydro,,,309.4;;
18115,NOR,Norway,Saheim,206.0,59.877,8.5929,Hydro,,,765.13;;
18116,NOR,Norway,Sarp,90.0,59.2764,11.1337,Hydro,,,401.53;;
18117,NOR,Norway,Saurdal,674.0,59.4828,6.6726,Hydro,,,2408.51;;
18118,NOR,Norway,Savalen,78.0,62.1868,10.6171,Hydro,,,315.34;;
18119,NOR,Norway,Sildvik,75.0,68.4087,17.8011,Hydro,,,298.06;;
18120,NOR,Norway,Siso,229.0,67.325,15.7073,Hydro,,,954.32;;
18121,NOR,Norway,Sjona,60.0,66.3106,13.5635,Hydro,,,293.54;;
18122,NOR,Norway,Sjonsta,88.0,67.1944,15.7086,Hydro,,,375.59;;
18123,NOR,Norway,Skibotn,83.0,69.3153,20.3582,Hydro,,,315.17;;
18124,NOR,Norway,Skjerka,120.0,58.554,7.3762,Hydro,,,455.44;;
18125,NOR,Norway,Skjomen,360.0,68.2038,17.3607,Hydro,,,1363.05;;
18126,NOR,Norway,Skogfoss,54.0,69.3729,29.694,Hydro,,,267.57;;
18127,NOR,Norway,Skollenborg,102.0,59.6189,9.6677,Hydro,,,491.08;;
18128,NOR,Norway,Smola,160.0,63.4106,7.9099,Wind,,,;;
18129,NOR,Norway,Solberg2,240.0,59.6365,11.1542,Hydro,,,898.57;;
18130,NOR,Norway,Solhom,250.0,58.7683,7.0202,Hydro,,,838.33;;
18131,NOR,Norway,Songa,140.0,59.7776,7.7258,Hydro,,,490.19;;
18132,NOR,Norway,Sonna,310.0,59.6471,6.3538,Hydro,,,1223.23;;
18133,NOR,Norway,Sorfjord2,88.0,68.0645,16.6638,Hydro,,,345.31;;
18134,NOR,Norway,Stakaldefossen,107.0,61.4459,6.0097,Hydro,,,406.26;;
18135,NOR,Norway,Steinsfoss,125.0,58.3002,7.9675,Hydro,,,572.23;;
18136,NOR,Norway,Steinsland,198.0,60.9261,5.9781,Hydro,,,763.33;;
18137,NOR,Norway,Storlivatn,66.0,59.6852,6.5196,Hydro,,,265.0;;
18138,NOR,Norway,Straumsmo,170.0,68.7408,18.643,Hydro,,,628.67;;
18139,NOR,Norway,Stuvane,42.0,61.0514,7.6418,Hydro,,,197.85;;
18140,NOR,Norway,Suldal 2,350.0,59.6496,6.8166,Hydro,,,1056.95;;
18141,NOR,Norway,Sundsbarm,118.0,59.4976,8.6343,Hydro,,,432.49;;
18142,NOR,Norway,Sundsfjord,128.0,66.9709,14.1516,Hydro,,,509.51;;
18143,NOR,Norway,Svartisen,780.0,66.7282,13.9135,Hydro,,,3137.37;;
18144,NOR,Norway,Svean,42.0,63.2793,10.4728,Hydro,,,194.43;;
18145,NOR,Norway,Svelgen,140.0,61.7688,5.3076,Hydro,,,586.42;;
18146,NOR,Norway,Svelgfoss,111.0,59.5813,9.2572,Hydro,,,535.02;;
18147,NOR,Norway,Svorkmo,61.0,63.1783,9.7708,Hydro,,,265.35;;
18148,NOR,Norway,Sy-Sima,720.0,60.4986,7.1443,Hydro,,,2880.89;;
18149,NOR,Norway,Tevla,60.0,63.3904,11.9106,Hydro,,,247.3;;
18150,NOR,Norway,Tinfos Telemark,70.0,59.5686,9.2645,Hydro,,,333.17;;
18151,NOR,Norway,Tjodan,130.0,59.0521,6.6524,Hydro,,,476.34;;
18152,NOR,Norway,Tjorhom,140.0,58.8794,6.8212,Hydro,,,543.42;;
18153,NOR,Norway,Tokke,480.0,59.4479,8.0354,Hydro,,,1751.97;;
18154,NOR,Norway,Tonstad,1130.0,58.6648,6.7084,Hydro,,,3988.43;;
18155,NOR,Norway,Torpa,170.0,60.9961,10.0577,Hydro,,,724.04;;
18156,NOR,Norway,Trolheim,169.0,63.0024,9.0191,Hydro,,,704.04;;
18157,NOR,Norway,Tunnsjodal,203.0,64.7041,12.8358,Hydro,,,835.92;;
18158,NOR,Norway,Tussa,64.0,62.1088,6.5594,Hydro,,,250.97;;
18159,NOR,Norway,Tyin,440.0,61.3103,7.8316,Hydro,,,1407.92;;
18160,NOR,Norway,Tysso 2,258.0,60.1292,6.6412,Hydro,,,975.8;;
18161,NOR,Norway,Ulset,40.0,62.6187,10.2545,Hydro,,,155.22;;
18162,NOR,Norway,Usta,206.0,60.5743,8.4096,Hydro,,,861.71;;
18163,NOR,Norway,Ustekveikja,42.0,60.5277,7.7524,Hydro,,,156.0;;
18164,NOR,Norway,Uvdal 1,150.0,60.265,8.9308,Hydro,,,643.17;;
18165,NOR,Norway,Vamma,252.0,59.5423,11.1704,Hydro,,,935.2;;
18166,NOR,Norway,Vemork,224.0,59.8468,8.4274,Hydro,,,769.78;;
18167,NOR,Norway,Vemundsbotn,55.0,60.855,5.6951,Hydro,,,220.37;;
18168,NOR,Norway,Vessingfoss,45.0,62.9957,11.8285,Hydro,,,190.1;;
18169,NOR,Norway,Vinje,375.0,59.6246,7.8508,Hydro,,,1173.68;;
18170,NOR,Norway,Vrangfoss,42.0,59.3021,9.2047,Hydro,,,202.21;;
18171,NOR,Norway,Ylja,66.0,61.1975,8.3808,Hydro,,,258.41;;
21038,SWE,Sweden,Ajaure,86.0,65.5065,15.621,Hydro,1967,100% Vattenfall,324.51;;
21039,SWE,Sweden,Akkats,150.0,66.6314,19.8199,Hydro,1973,100% Vattenfall,525.67;;
21040,SWE,Sweden,Alfta (Malvik),32.0,61.3468,16.075,Hydro,1945,Fortum,106.91;;
21041,SWE,Sweden,Alvkarleby,116.0,60.5637,17.442,Hydro,1991,100% Vattenfall,492.32;;
21042,SWE,Sweden,Angaback,7.0,56.4833,13.5,Hydro,1952,100% Statkraft,31.53;;
21043,SWE,Sweden,Anjan,25.0,63.6833,12.6333,Hydro,1978,Fortum,92.07;;
21044,SWE,Sweden,Aros,94.0,59.5883,16.5136,Biomass,,,;;
21045,SWE,Sweden,Asele,27.0,64.102,17.2891,Hydro,,100% Vattenfall,115.27;;
21046,SWE,Sweden,Avesta Lillfors,22.0,60.15,16.1667,Hydro,1981,Fortum,101.77;;
21047,SWE,Sweden,Avesta Storfors,15.0,60.1454,16.1679,Hydro,,Fortum,77.39;;
21048,SWE,Sweden,Avestaforsen,24.0,60.1454,16.1679,Hydro,2007,Fortum,111.02;;
21049,SWE,Sweden,Bassalt,8.0,56.75,13.2833,Hydro,1910,100% Statkraft,27.57;;
21050,SWE,Sweden,Bastusel,107.0,65.4023,18.6727,Hydro,1972,100% Vattenfall,423.48;;
21051,SWE,Sweden,Batfors,42.0,65.1167,21.1,Hydro,,6.6% Statkraft,168.8;;
21052,SWE,Sweden,Bergeforsen,166.0,62.5204,17.3875,Hydro,1955,100% Vattenfall,599.09;;
21053,SWE,Sweden,Bergvattnet,21.0,64.55,15.2333,Hydro,1968,100% Statkraft,70.96;;
21054,SWE,Sweden,Bergvik,16.2,61.2667,16.85,Hydro,1961,Fortum,55.72;;
21055,SWE,Sweden,Bjorkhojden,288.0,63.423,16.1473,Wind,,100% Statkraft,;;
21056,SWE,Sweden,Bjorna,17.0,63.5667,18.55,Hydro,1986,90.1% Statkraft,79.27;;
21057,SWE,Sweden,Bjurfors Nedre,78.0,60.065,15.9237,Hydro,1959,100% Statkraft,298.89;;
21058,SWE,Sweden,Bjurfors Ovre,42.0,60.065,15.9237,Hydro,1961,100% Statkraft,159.72;;
21059,SWE,Sweden,Blyberg,15.0,61.15,14.1833,Hydro,1967,Fortum,71.69;;
21060,SWE,Sweden,Boden,80.0,65.8078,21.6716,Hydro,1972,100% Vattenfall,321.53;;
21061,SWE,Sweden,Brynge,5.0,63.2909,18.7153,Hydro,1994,100% Statkraft,14.77;;
21062,SWE,Sweden,Bullerforsen,47.0,60.4858,15.4371,Hydro,,Fortum,196.1;;
21063,SWE,Sweden,Dejefors,20.0,59.6167,13.4667,Hydro,1906,Fortum,83.46;;
21064,SWE,Sweden,Domnarvet,22.0,60.4858,15.4371,Hydro,1994,Fortum,99.62;;
21065,SWE,Sweden,Dromme,2.0,63.25,18.25,Hydro,1993,100% Statkraft,6.01;;
21066,SWE,Sweden,DÃ¶nje,72.0,61.3956,16.4041,Hydro,1953,Fortum,305.97;;
21067,SWE,Sweden,Eldforsen,9.0,60.5089,14.2246,Hydro,1935,Fortum,36.73;;
21068,SWE,Sweden,Fors,3.0,58.753,17.0079,Hydro,1992,100% Statkraft,12.8;;
21069,SWE,Sweden,Forshaga,6.6,59.5254,13.4813,Hydro,1916,Fortum,33.61;;
21070,SWE,Sweden,Forshult,24.0,60.9667,12.4667,Hydro,1911,Fortum,82.64;;
21071,SWE,Sweden,Forshuvud,44.0,60.4858,15.4371,Hydro,,Fortum,183.58;;
21072,SWE,Sweden,Forsmark,3227.0,60.4028,18.1744,Nuclear,,65% Vattenfall; E.ON 8.5%; Mellansvensk Kraftgrupp 25.5%,
21073,SWE,Sweden,Forsmo,158.0,63.2713,17.1987,Hydro,1948,100% Vattenfall,553.56;;
21074,SWE,Sweden,Froslida,2.4,57.4536,12.0056,Hydro,1983,100% Statkraft,8.13;;
21075,SWE,Sweden,Frykfors,4.7,59.5072,13.3139,Hydro,1907,Fortum,19.83;;
21076,SWE,Sweden,Furudal,3.7,61.1667,15.1333,Hydro,,Fortum,10.14;;
21077,SWE,Sweden,Gaddede,22.0,64.5,14.15,Hydro,1974,100% Statkraft,100.78;;
21078,SWE,Sweden,Gallejuar,220.0,65.1141,19.4644,Hydro,1964,100% Vattenfall,703.56;;
21079,SWE,Sweden,GammelÃ¤nge,78.0,63.1419,16.1611,Hydro,1944,Fortum,315.05;;
21080,SWE,Sweden,Gardikfors,60.0,65.4763,15.8566,Hydro,1963,100% Vattenfall,225.34;;
21081,SWE,Sweden,Gejman,66.0,65.572,15.1816,Hydro,1970,100% Vattenfall,218.31;;
21082,SWE,Sweden,Gidbole,12.0,63.4,19.05,Hydro,1985,90.1% Statkraft,55.01;;
21083,SWE,Sweden,Gidea,17.0,63.55,18.6167,Hydro,1986,90.1% Statkraft,78.92;;
21084,SWE,Sweden,Gideabacka,14.0,63.3333,19.1,Hydro,1995,90.1% Statkraft,48.35;;
21085,SWE,Sweden,Glava,16.0,59.55,12.55,Hydro,1958,Fortum,71.8;;
21086,SWE,Sweden,Grundfors,108.0,64.9654,17.5797,Hydro,1958,100% Vattenfall,445.87;;
21087,SWE,Sweden,Halvfari,24.0,60.1667,15.0667,Hydro,1978,Fortum,90.19;;
21088,SWE,Sweden,Hammarforsen,80.0,60.0167,18.5333,Hydro,1928,100% Statkraft,305.58;;
21089,SWE,Sweden,Harrsele,223.0,64.0155,19.5619,Hydro,1957,51% Statkraft,762.48;;
21090,SWE,Sweden,Harspranget,871.0,66.8857,19.8186,Hydro,1919,100% Vattenfall,2977.46;;
21091,SWE,Sweden,Hermansboda,12.0,62.55,15.8333,Hydro,1962,Fortum,56.78;;
21092,SWE,Sweden,Hogabjar-Karsas,38.4,56.9162,12.8229,Wind,,50% Vattenfall,;;
21093,SWE,Sweden,Hoge Vag,38.0,55.8846,13.9647,Wind,2015,50% Vattenfall,;;
21094,SWE,Sweden,Hojum,184.0,58.2804,12.2787,Hydro,1941,100% Vattenfall,647.75;;
21095,SWE,Sweden,Holleforsen,151.0,62.9509,16.6681,Hydro,,100% Vattenfall,523.55;;
21096,SWE,Sweden,Horrmundsvalla,6.5,61.2833,13.15,Hydro,1960,Fortum,28.02;;
21097,SWE,Sweden,Hoting,15.0,64.1167,16.1667,Hydro,1978,100% Statkraft,72.09;;
21098,SWE,Sweden,Hummelforsen,10.7,59.4589,18.5942,Hydro,1955,Fortum,37.16;;
21099,SWE,Sweden,Hylte,26.0,57.4536,12.0056,Hydro,1989,100% Statkraft,96.42;;
21100,SWE,Sweden,HÃ¤sselby,75.0,59.3623,17.8241,Biomass,1959,Fortum,;;
21101,SWE,Sweden,HÃ¶ljes,127.8,60.9511,12.5432,Hydro,1962,Fortum,416.38;;
21102,SWE,Sweden,Idbaksverket,35.0,58.743,17.0006,Biomass,1997,100% Vattenfall,;;
21103,SWE,Sweden,Jarkvissle,96.0,62.3913,17.3063,Hydro,1959,100% Vattenfall,359.46;;
21104,SWE,Sweden,Jordbro,20.0,59.1497,18.1167,Biomass,1968,100% Vattenfall,;;
21105,SWE,Sweden,Juktan,26.0,65.0959,17.1173,Hydro,1978,100% Vattenfall,109.62;;
21106,SWE,Sweden,Juktan Vind,27.0,65.0959,17.1173,Wind,2014,50% Vattenfall,;;
21107,SWE,Sweden,Juveln,14.0,63.7167,13.15,Hydro,1978,Fortum,62.95;;
21108,SWE,Sweden,Karlshamn,1020.0,56.1522,14.8325,Hydro,,,3405.62;;
21109,SWE,Sweden,Karsefors,31.4,56.5121,13.0437,Hydro,1930,100% Statkraft,120.5;;
21110,SWE,Sweden,Kilforsem,296.0,63.5423,16.7629,Hydro,1953,100% Vattenfall,942.99;;
21111,SWE,Sweden,Krakerud,22.0,59.5833,13.6833,Hydro,1921,Fortum,83.65;;
21112,SWE,Sweden,KrokstrÃ¶mmen,103.0,62.0411,14.9004,Hydro,1952,Fortum,404.44;;
21113,SWE,Sweden,Kroppstadfors,3.5,59.6553,12.5852,Hydro,1959,Fortum,11.25;;
21114,SWE,Sweden,KrÃ¥ngede,250.2,63.1462,16.0706,Hydro,1936,Fortum,821.12;;
21115,SWE,Sweden,Kvarnaholm,5.6,60.45,14.55,Hydro,1958,100% Statkraft,27.09;;
21116,SWE,Sweden,Kvarnsveden 1,28.0,60.5315,17.4156,Hydro,1975,Fortum,119.35;;
21117,SWE,Sweden,Kvarnsveden 2,30.0,60.5638,17.4422,Hydro,1996,Fortum,127.87;;
21118,SWE,Sweden,Kvistforsen,140.0,64.7507,20.9528,Hydro,1962,100% Statkraft,475.18;;
21119,SWE,Sweden,Kymmen,55.0,59.95,12.75,Hydro,1987,Fortum,208.35;;
21120,SWE,Sweden,Laforsen,57.0,61.95,15.5167,Hydro,1953,Fortum,218.7;;
21121,SWE,Sweden,Laholm,11.3,56.5121,13.0437,Hydro,1932,100% Statkraft,51.8;;
21122,SWE,Sweden,Landafors,11.2,61.25,16.6333,Hydro,1976,Fortum,33.66;;
21123,SWE,Sweden,Lanforsen,44.0,60.55,17.7667,Hydro,,Fortum,162.51;;
21124,SWE,Sweden,Langbjorn,98.0,63.6366,16.7762,Hydro,1959,100% Vattenfall,430.9;;
21125,SWE,Sweden,Langed,5.5,58.9167,12.3,Hydro,,100% Vattenfall,24.76;;
21126,SWE,Sweden,Lango,1.0,58.4331,16.9667,Hydro,1956,100% Statkraft,4.55;;
21127,SWE,Sweden,Lasele,165.0,63.5548,16.8289,Hydro,,100% Vattenfall,634.64;;
21128,SWE,Sweden,Laxede,222.0,66.2242,20.86,Hydro,,100% Vattenfall,782.15;;
21129,SWE,Sweden,Lenninge,2.7,61.3167,16.4333,Hydro,1982,Fortum,13.58;;
21130,SWE,Sweden,Leringsforsen,9.0,62.5667,16.4167,Hydro,1944,100% Vattenfall,41.05;;
21131,SWE,Sweden,Letsi,486.0,66.5024,20.3797,Hydro,1967,100% Vattenfall,1545.45;;
21132,SWE,Sweden,Ligga,332.0,66.8094,19.8968,Hydro,1957,100% Vattenfall,1073.12;;
21133,SWE,Sweden,Lilla Edet,46.0,58.1356,12.1199,Hydro,1926,100% Vattenfall,185.58;;
21134,SWE,Sweden,Lillgrund,110.0,55.5167,12.7833,Wind,2007,100% Vattenfall,321.33;;
21135,SWE,Sweden,Lindbyn,11.0,60.5167,14.9667,Hydro,1953,Fortum,54.65;;
21136,SWE,Sweden,Lottefors,13.6,61.4167,16.4,Hydro,1958,Fortum,72.12;;
21137,SWE,Sweden,Malgomaj,10.0,64.8,16.0167,Hydro,1982,100% Statkraft,44.83;;
21138,SWE,Sweden,Matfors,21.0,62.35,17.0333,Hydro,1982,100% Statkraft,90.99;;
21139,SWE,Sweden,Messaure,463.0,66.6855,20.3359,Hydro,1963,100% Vattenfall,1496.55;;
21140,SWE,Sweden,Midskog,155.0,63.2395,15.2372,Hydro,1944,100% Vattenfall,568.22;;
21141,SWE,Sweden,Moforsen,135.0,63.3683,16.9876,Hydro,,,472.09;;
21142,SWE,Sweden,Morttjarnberget Winf Farm,85.0,62.7212,15.9471,Wind,,60% Statkraft,;;
21143,SWE,Sweden,Motala,3.7,58.5371,15.0365,Biomass,1998,100% Vattenfall,;;
21144,SWE,Sweden,Munkfors,33.0,59.8386,13.5436,Hydro,1931,Fortum,125.38;;
21145,SWE,Sweden,Namforsen,115.0,63.4402,16.8804,Hydro,1946,100% Vattenfall,459.81;;
21146,SWE,Sweden,Nas,24.0,60.45,14.4833,Hydro,1978,100% Vattenfall,108.17;;
21147,SWE,Sweden,Nasudden,10.2,57.1,18.25,Wind,1983,100% Vattenfall,13.97;;
21148,SWE,Sweden,Naverede,70.0,63.2207,15.3219,Hydro,1955,100% Vattenfall,286.73;;
21149,SWE,Sweden,Nederede,16.0,62.4333,16.4833,Hydro,,100% Statkraft,77.58;;
21150,SWE,Sweden,Noppikoski,10.0,61.5,14.8333,Hydro,1967,Fortum,30.05;;
21151,SWE,Sweden,Noreborg,3.0,59.7667,12.3167,Hydro,1958,Fortum,11.83;;
21152,SWE,Sweden,Nya Ã–resundsverket,440.0,55.6261,13.0404,Gas,,,;;
21153,SWE,Sweden,Nyebro,1.4,56.9333,13.0667,Hydro,1983,100% Statkraft,6.02;;
21154,SWE,Sweden,Olidan,104.0,58.275,12.2727,Hydro,1910,100% Vattenfall,428.56;;
21155,SWE,Sweden,Oskarshamn,2603.0,57.413,16.6683,Nuclear,,,;;
21156,SWE,Sweden,Parki,19.0,66.7667,17.5333,Hydro,,100% Vattenfall,70.11;;
21157,SWE,Sweden,Parteboda,35.0,62.5167,15.7833,Hydro,1960,Fortum,136.85;;
21158,SWE,Sweden,Pengfors,69.0,63.9304,19.6661,Hydro,1954,100% Vattenfall,277.33;;
21159,SWE,Sweden,Porjus,430.0,66.959,19.8023,Hydro,1975,100% Vattenfall,1389.89;;
21160,SWE,Sweden,Porsi,282.0,66.4288,20.6518,Hydro,1967,100% Vattenfall,896.74;;
21161,SWE,Sweden,Ringhals,3932.0,57.2574,12.1087,Nuclear,,70.4% Vattenfall; 29.6% Karnkraft Sverige,;
21162,SWE,Sweden,Ritsem,304.0,67.732,17.49,Hydro,1977,100% Vattenfall,808.09;;
21163,SWE,Sweden,Rottnen,17.0,57.0167,14.9,Hydro,1998,Fortum,51.94;;
21164,SWE,Sweden,Rusfors,45.0,64.7129,18.2534,Hydro,1962,100% Vattenfall,181.89;;
21165,SWE,Sweden,Rya,261.0,57.6924,11.8905,Gas,,,;;
21166,SWE,Sweden,Seitevare,214.0,66.9764,18.5748,Hydro,,100% Vattenfall,661.51;;
21167,SWE,Sweden,Selsfors,61.0,64.2167,20.3167,Hydro,1944,10.6% Statkraft,227.89;;
21168,SWE,Sweden,Sillre,11.0,62.3913,17.3063,Hydro,1987,100% Vattenfall,37.5;;
21169,SWE,Sweden,Skallbole,46.0,62.3667,16.9667,Hydro,,100% Statkraft,182.65;;
21170,SWE,Sweden,Skedvi,38.0,60.4,15.8,Hydro,1949,Fortum,161.98;;
21171,SWE,Sweden,Skoga,13.6,60.0667,13.4667,Hydro,1943,Fortum,46.77;;
21172,SWE,Sweden,Skogaby,12.5,56.5333,13.1833,Hydro,1922,100% Statkraft,57.12;;
21173,SWE,Sweden,Soderfors,20.0,60.3833,17.2333,Hydro,1979,100% Vattenfall,92.79;;
21174,SWE,Sweden,Spjutmo,35.0,61.0831,14.3167,Hydro,1969,Fortum,134.93;;
21175,SWE,Sweden,Stadsforsen,142.0,62.9764,16.6584,Hydro,1939,100% Vattenfall,493.76;;
21176,SWE,Sweden,Stalon,130.0,64.947,16.8273,Hydro,1961,100% Vattenfall,391.31;;
21177,SWE,Sweden,Stenkullafors,57.0,64.2861,17.2427,Hydro,,100% Vattenfall,243.78;;
21178,SWE,Sweden,Stensele,54.0,65.0521,17.2328,Hydro,1960,100% Vattenfall,218.26;;
21179,SWE,Sweden,Stenungsund,840.0,58.0863,11.8435,Oil,,,;;
21180,SWE,Sweden,Stor-Rotliden,78.0,64.2307,18.3117,Wind,2011,100% Vattenfall,129.72;;
21181,SWE,Sweden,Storfinnforsen,112.0,63.5985,16.1218,Hydro,,,457.38;;
21182,SWE,Sweden,Stornorrfors,599.0,63.8803,20.0184,Hydro,1958,75% Vattenfall,1922.37;;
21183,SWE,Sweden,Stugun,47.0,63.1625,15.6245,Hydro,1956,100% Vattenfall,189.84;;
21184,SWE,Sweden,SvarthÃ¥lsforsen,80.0,63.0287,16.5716,Hydro,1954,Fortum,323.13;;
21185,SWE,Sweden,Sveg,36.0,62.0272,14.284,Hydro,1975,Fortum,142.79;;
21186,SWE,Sweden,Tasjo,14.0,64.2167,15.9,Hydro,1978,100% Statkraft,62.88;;
21187,SWE,Sweden,Timsfors,2.8,56.4833,13.5833,Hydro,1926,100% Statkraft,13.16;;
21188,SWE,Sweden,Torpshammar,119.0,62.4165,16.4952,Hydro,1943,100% Vattenfall,408.57;;
21189,SWE,Sweden,TrÃ¤ngslet,300.0,61.3811,13.7312,Hydro,,Fortum,793.6;;
21190,SWE,Sweden,Tuggen,118.0,64.4735,18.8815,Hydro,1962,100% Vattenfall,424.07;;
21191,SWE,Sweden,Uljabuouda,12.0,65.9652,17.63,Wind,,,;;
21192,SWE,Sweden,Umluspen,100.0,65.0959,17.1173,Hydro,1957,100% Vattenfall,404.2;;
21193,SWE,Sweden,Untra,43.0,60.4167,17.3,Hydro,1918,Fortum,183.6;;
21194,SWE,Sweden,Uppsala,130.0,59.8514,17.6783,Biomass,,,;;
21195,SWE,Sweden,Utgrunden,10.5,56.35,16.2667,Wind,2006,100% Vattenfall,25.36;;
21196,SWE,Sweden,Væsteras power station,80.0,59.5885,16.5135,Coal,1963,MÃ¤larenergi,;;
21197,SWE,Sweden,Vargfors,134.0,65.0193,19.6856,Hydro,1961,100% Vattenfall,456.01;;
21198,SWE,Sweden,Vargon,35.0,58.3557,12.3729,Hydro,1937,100% Vattenfall,140.94;;
21199,SWE,Sweden,Vartan,130.0,59.352,18.101,Biomass,,,;;
21200,SWE,Sweden,Vietas,325.0,67.4931,18.3549,Hydro,,100% Vattenfall,1011.82;;
21201,SWE,Sweden,Viforsen,10.0,62.3,17.1667,Hydro,1982,100% Statkraft,46.65;;
21202,SWE,Sweden,Vittjarv,33.0,65.8453,21.5545,Hydro,,100% Vattenfall,132.39;;
21203,SWE,Sweden,Volgsjofors,20.0,64.55,16.75,Hydro,1980,100% Statkraft,88.74;;
21204,SWE,Sweden,VÃ¤rme,639.0,59.3532,18.0985,Gas,1980,Fortum,;;
21205,SWE,Sweden,â€‹VÃ¤rtaverket,389.0,59.3532,18.0985,Biomass,2013,Fortum,;;
